date,board_mac,fw,lib,tap,rf_nom_ohm,eps_pct,eps_se_pct,saturated,i_amb_nA,i_amb_drift_pct_per_min,v_off_LED1_mV,v_off_ALED1_mV,v_off_LED2_mV,v_off_ALED2_mV,rms_resid_pct,anchor
2026-10-08,10:51:DB:50:82:5C,0.21,0.103,10K,10000.0,0.225,0.172,0,1479.1,-1.596,0.987,0.434,0.961,0.458,0.255,mean eps over measured taps = 0
2026-10-08,10:51:DB:50:82:5C,0.21,0.103,25K,25000.0,-0.304,0.163,0,1479.1,-1.596,0.987,0.434,0.961,0.458,0.255,mean eps over measured taps = 0
2026-10-08,10:51:DB:50:82:5C,0.21,0.103,50K,50000.0,-0.364,0.553,0,1479.1,-1.596,0.987,0.434,0.961,0.458,0.255,mean eps over measured taps = 0
2026-10-08,10:51:DB:50:82:5C,0.21,0.103,100K,100000.0,-0.726,0.198,0,1479.1,-1.596,0.987,0.434,0.961,0.458,0.255,mean eps over measured taps = 0
2026-10-08,10:51:DB:50:82:5C,0.21,0.103,250K,250000.0,1.139,0.347,0,1479.1,-1.596,0.987,0.434,0.961,0.458,0.255,mean eps over measured taps = 0
2026-10-08,10:51:DB:50:82:5C,0.21,0.103,500K,500000.0,0.03,0.395,0,1479.1,-1.596,0.987,0.434,0.961,0.458,0.255,mean eps over measured taps = 0
2026-10-08,10:51:DB:50:82:5C,0.21,0.103,1M,1000000.0,,,1,1479.1,-1.596,0.987,0.434,0.961,0.458,0.255,mean eps over measured taps = 0
2026-10-08,10:51:DB:50:87:A4,0.21,0.103,10K,10000.0,0.261,0.285,0,1346.3,-1.694,-4.962,-4.986,-4.984,-4.975,0.448,mean eps over measured taps = 0
2026-10-08,10:51:DB:50:87:A4,0.21,0.103,25K,25000.0,-0.453,0.665,0,1346.3,-1.694,-4.962,-4.986,-4.984,-4.975,0.448,mean eps over measured taps = 0
2026-10-08,10:51:DB:50:87:A4,0.21,0.103,50K,50000.0,-0.381,0.127,0,1346.3,-1.694,-4.962,-4.986,-4.984,-4.975,0.448,mean eps over measured taps = 0
2026-10-08,10:51:DB:50:87:A4,0.21,0.103,100K,100000.0,-0.852,0.049,0,1346.3,-1.694,-4.962,-4.986,-4.984,-4.975,0.448,mean eps over measured taps = 0
2026-10-08,10:51:DB:50:87:A4,0.21,0.103,250K,250000.0,1.313,0.022,0,1346.3,-1.694,-4.962,-4.986,-4.984,-4.975,0.448,mean eps over measured taps = 0
2026-10-08,10:51:DB:50:87:A4,0.21,0.103,500K,500000.0,0.112,0.577,0,1346.3,-1.694,-4.962,-4.986,-4.984,-4.975,0.448,mean eps over measured taps = 0
2026-10-08,10:51:DB:50:87:A4,0.21,0.103,1M,1000000.0,,,1,1346.3,-1.694,-4.962,-4.986,-4.984,-4.975,0.448,mean eps over measured taps = 0
2026-10-08,10:51:DB:50:88:50,0.21,0.103,10K,10000.0,0.189,0.776,0,1309.4,-1.634,-6.628,-6.562,-6.663,-6.56,0.401,mean eps over measured taps = 0
2026-10-08,10:51:DB:50:88:50,0.21,0.103,25K,25000.0,-0.453,1.519,0,1309.4,-1.634,-6.628,-6.562,-6.663,-6.56,0.401,mean eps over measured taps = 0
2026-10-08,10:51:DB:50:88:50,0.21,0.103,50K,50000.0,-0.162,0.914,0,1309.4,-1.634,-6.628,-6.562,-6.663,-6.56,0.401,mean eps over measured taps = 0
2026-10-08,10:51:DB:50:88:50,0.21,0.103,100K,100000.0,-0.463,0.351,0,1309.4,-1.634,-6.628,-6.562,-6.663,-6.56,0.401,mean eps over measured taps = 0
2026-10-08,10:51:DB:50:88:50,0.21,0.103,250K,250000.0,0.907,0.294,0,1309.4,-1.634,-6.628,-6.562,-6.663,-6.56,0.401,mean eps over measured taps = 0
2026-10-08,10:51:DB:50:88:50,0.21,0.103,500K,500000.0,-0.018,1.714,0,1309.4,-1.634,-6.628,-6.562,-6.663,-6.56,0.401,mean eps over measured taps = 0
2026-10-08,10:51:DB:50:88:50,0.21,0.103,1M,1000000.0,,,1,1309.4,-1.634,-6.628,-6.562,-6.663,-6.56,0.401,mean eps over measured taps = 0
