date,board_mac,fw,lib,tap,rf_nom_ohm,pass,phase,t_mid_s,n,v_tia_mean_V,v_tia_sd_V,i_pd_nA,saturated,frozen_samples,settle_s,first_free_dev_pct_of_step
2026-10-08,10:51:DB:50:82:5C,0.21,0.103,1M,1000000.0,up,LED1,3.8,2754,1.1871737,0.0206407,1187.174,1,0,,
2026-10-08,10:51:DB:50:82:5C,0.21,0.103,10K,10000.0,up,LED1,12.6,4851,0.0161157,0.0001067,1611.574,0,8,0.0,0.01
2026-10-08,10:51:DB:50:82:5C,0.21,0.103,25K,25000.0,up,LED1,23.5,4860,0.0383171,0.0001166,1532.683,0,7,,-0.78
2026-10-08,10:51:DB:50:82:5C,0.21,0.103,50K,50000.0,up,LED1,34.4,4881,0.0757036,0.0001727,1514.072,0,7,0.0,0.65
2026-10-08,10:51:DB:50:82:5C,0.21,0.103,100K,100000.0,up,LED1,45.4,4858,0.1492531,0.0004185,1492.531,0,7,0.0,0.79
2026-10-08,10:51:DB:50:82:5C,0.21,0.103,250K,250000.0,up,LED1,56.3,4859,0.3765383,0.0011511,1506.153,0,7,0.0,0.58
2026-10-08,10:51:DB:50:82:5C,0.21,0.103,500K,500000.0,up,LED1,67.2,4851,0.7437483,0.000812,1487.497,0,8,0.918,0.77
2026-10-08,10:51:DB:50:82:5C,0.21,0.103,1M,1000000.0,up,LED1,78.1,4851,1.1999,0.0,1199.9,1,7,0.0,0.0
2026-10-08,10:51:DB:50:82:5C,0.21,0.103,500K,500000.0,down,LED1,89.0,4865,0.7407173,0.0009709,1481.435,0,7,0.0,0.07
2026-10-08,10:51:DB:50:82:5C,0.21,0.103,250K,250000.0,down,LED1,100.0,4879,0.3748408,0.0007254,1499.363,0,7,,0.69
2026-10-08,10:51:DB:50:82:5C,0.21,0.103,100K,100000.0,down,LED1,110.9,4842,0.1469291,0.0004264,1469.291,0,8,0.0,-0.14
2026-10-08,10:51:DB:50:82:5C,0.21,0.103,50K,50000.0,down,LED1,121.8,4857,0.0738364,8.32e-05,1476.727,0,7,0.398,-0.3
2026-10-08,10:51:DB:50:82:5C,0.21,0.103,25K,25000.0,down,LED1,132.7,4868,0.0374266,4.98e-05,1497.064,0,7,0.0,0.14
2026-10-08,10:51:DB:50:82:5C,0.21,0.103,10K,10000.0,down,LED1,143.7,4863,0.0154878,4.05e-05,1548.781,0,7,0.0,0.15
2026-10-08,10:51:DB:50:82:5C,0.21,0.103,1M,1000000.0,down,LED1,151.7,1986,1.1999,0.0,1199.9,1,7,0.0,0.0
2026-10-08,10:51:DB:50:82:5C,0.21,0.103,1M,1000000.0,up,ALED1,3.8,2754,1.1848215,0.0225942,1184.821,1,0,,
2026-10-08,10:51:DB:50:82:5C,0.21,0.103,10K,10000.0,up,ALED1,12.6,4851,0.0155853,0.0001067,1558.534,0,8,0.0,-0.02
2026-10-08,10:51:DB:50:82:5C,0.21,0.103,25K,25000.0,up,ALED1,23.5,4860,0.0377069,0.0001175,1508.275,0,7,,-0.79
2026-10-08,10:51:DB:50:82:5C,0.21,0.103,50K,50000.0,up,ALED1,34.4,4881,0.0749467,0.0001694,1498.933,0,7,0.0,0.6
2026-10-08,10:51:DB:50:82:5C,0.21,0.103,100K,100000.0,up,ALED1,45.4,4858,0.1482086,0.0004156,1482.086,0,7,0.0,0.88
2026-10-08,10:51:DB:50:82:5C,0.21,0.103,250K,250000.0,up,ALED1,56.3,4859,0.3745649,0.001152,1498.259,0,7,0.0,0.46
2026-10-08,10:51:DB:50:82:5C,0.21,0.103,500K,500000.0,up,ALED1,67.2,4851,0.740187,0.0008117,1480.374,0,8,0.818,0.88
2026-10-08,10:51:DB:50:82:5C,0.21,0.103,1M,1000000.0,up,ALED1,78.1,4851,1.1999,0.0,1199.9,1,7,0.0,0.0
2026-10-08,10:51:DB:50:82:5C,0.21,0.103,500K,500000.0,down,ALED1,89.0,4865,0.7371563,0.0009764,1474.313,0,7,0.0,-0.12
2026-10-08,10:51:DB:50:82:5C,0.21,0.103,250K,250000.0,down,ALED1,100.0,4879,0.372868,0.0007136,1491.472,0,7,,0.6
2026-10-08,10:51:DB:50:82:5C,0.21,0.103,100K,100000.0,down,ALED1,110.9,4842,0.1458982,0.0004217,1458.982,0,8,0.0,-0.18
2026-10-08,10:51:DB:50:82:5C,0.21,0.103,50K,50000.0,down,ALED1,121.8,4857,0.0730919,7.92e-05,1461.838,0,7,0.416,-0.34
2026-10-08,10:51:DB:50:82:5C,0.21,0.103,25K,25000.0,down,ALED1,132.7,4868,0.0368221,4.81e-05,1472.882,0,7,0.0,0.02
2026-10-08,10:51:DB:50:82:5C,0.21,0.103,10K,10000.0,down,ALED1,143.7,4863,0.0149672,3.9e-05,1496.716,0,7,0.0,0.08
2026-10-08,10:51:DB:50:82:5C,0.21,0.103,1M,1000000.0,down,ALED1,151.7,1986,1.1999,0.0,1199.9,1,7,0.0,0.0
2026-10-08,10:51:DB:50:82:5C,0.21,0.103,1M,1000000.0,up,LED2,4.0,2991,1.187636,0.0206098,1187.636,1,0,,
2026-10-08,10:51:DB:50:82:5C,0.21,0.103,10K,10000.0,up,LED2,13.0,4849,0.0160867,0.0001324,1608.673,0,7,0.0,-0.01
2026-10-08,10:51:DB:50:82:5C,0.21,0.103,25K,25000.0,up,LED2,24.0,4889,0.0382977,5.62e-05,1531.909,0,7,,-2.28
2026-10-08,10:51:DB:50:82:5C,0.21,0.103,50K,50000.0,up,LED2,34.9,4832,0.0756277,0.0001819,1512.554,0,7,0.0,-0.26
2026-10-08,10:51:DB:50:82:5C,0.21,0.103,100K,100000.0,up,LED2,45.8,4858,0.1490016,0.0004249,1490.016,0,7,0.0,1.35
2026-10-08,10:51:DB:50:82:5C,0.21,0.103,250K,250000.0,up,LED2,56.7,4882,0.3758699,0.001169,1503.48,0,7,0.0,0.97
2026-10-08,10:51:DB:50:82:5C,0.21,0.103,500K,500000.0,up,LED2,67.7,4852,0.7426443,0.0008176,1485.289,0,7,0.346,0.6
2026-10-08,10:51:DB:50:82:5C,0.21,0.103,1M,1000000.0,up,LED2,78.6,4845,1.1999,0.0,1199.9,1,7,0.0,0.0
2026-10-08,10:51:DB:50:82:5C,0.21,0.103,500K,500000.0,down,LED2,89.5,4847,0.7398559,0.0010033,1479.712,0,7,0.0,-0.04
2026-10-08,10:51:DB:50:82:5C,0.21,0.103,250K,250000.0,down,LED2,100.4,4878,0.3744356,0.000637,1497.742,0,7,,0.46
2026-10-08,10:51:DB:50:82:5C,0.21,0.103,100K,100000.0,down,LED2,111.3,4848,0.146689,0.0004425,1466.89,0,7,0.0,-0.23
2026-10-08,10:51:DB:50:82:5C,0.21,0.103,50K,50000.0,down,LED2,122.2,4852,0.0737399,7.81e-05,1474.798,0,7,0.218,-0.3
2026-10-08,10:51:DB:50:82:5C,0.21,0.103,25K,25000.0,down,LED2,133.2,4871,0.0373803,5.45e-05,1495.211,0,7,0.0,0.25
2026-10-08,10:51:DB:50:82:5C,0.21,0.103,10K,10000.0,down,LED2,144.1,4865,0.0154735,4.26e-05,1547.352,0,7,0.0,0.21
2026-10-08,10:51:DB:50:82:5C,0.21,0.103,1M,1000000.0,down,LED2,151.9,1766,1.1999,0.0,1199.9,1,7,0.0,0.0
2026-10-08,10:51:DB:50:82:5C,0.21,0.103,1M,1000000.0,up,ALED2,4.0,2991,1.1866678,0.0214805,1186.668,1,0,,
2026-10-08,10:51:DB:50:82:5C,0.21,0.103,10K,10000.0,up,ALED2,13.0,4849,0.0155844,0.0001332,1558.441,0,7,0.0,-0.02
2026-10-08,10:51:DB:50:82:5C,0.21,0.103,25K,25000.0,up,ALED2,24.0,4889,0.0377732,5.44e-05,1510.928,0,7,,-2.36
2026-10-08,10:51:DB:50:82:5C,0.21,0.103,50K,50000.0,up,ALED2,34.9,4832,0.0750569,0.0001791,1501.138,0,7,0.0,-0.4
2026-10-08,10:51:DB:50:82:5C,0.21,0.103,100K,100000.0,up,ALED2,45.8,4858,0.1483401,0.0004217,1483.401,0,7,0.0,1.3
2026-10-08,10:51:DB:50:82:5C,0.21,0.103,250K,250000.0,up,ALED2,56.7,4882,0.3749099,0.0011544,1499.64,0,7,0.0,0.97
2026-10-08,10:51:DB:50:82:5C,0.21,0.103,500K,500000.0,up,ALED2,67.7,4852,0.7411512,0.0007834,1482.302,0,7,0.786,0.61
2026-10-08,10:51:DB:50:82:5C,0.21,0.103,1M,1000000.0,up,ALED2,78.6,4845,1.1999,0.0,1199.9,1,7,0.0,0.0
2026-10-08,10:51:DB:50:82:5C,0.21,0.103,500K,500000.0,down,ALED2,89.5,4847,0.7383783,0.0010174,1476.757,0,7,0.0,0.01
2026-10-08,10:51:DB:50:82:5C,0.21,0.103,250K,250000.0,down,ALED2,100.4,4878,0.3734836,0.0006336,1493.934,0,7,,0.46
2026-10-08,10:51:DB:50:82:5C,0.21,0.103,100K,100000.0,down,ALED2,111.3,4848,0.146039,0.0004408,1460.39,0,7,0.0,-0.24
2026-10-08,10:51:DB:50:82:5C,0.21,0.103,50K,50000.0,down,ALED2,122.2,4852,0.0731788,7.72e-05,1463.576,0,7,0.08,-0.36
2026-10-08,10:51:DB:50:82:5C,0.21,0.103,25K,25000.0,down,ALED2,133.2,4871,0.0368615,5.23e-05,1474.462,0,7,0.0,0.14
2026-10-08,10:51:DB:50:82:5C,0.21,0.103,10K,10000.0,down,ALED2,144.1,4865,0.0149864,3.76e-05,1498.643,0,7,,0.2
2026-10-08,10:51:DB:50:82:5C,0.21,0.103,1M,1000000.0,down,ALED2,151.9,1766,1.1999,0.0,1199.9,1,7,0.0,0.0
2026-10-08,10:51:DB:50:87:A4,0.21,0.103,1M,1000000.0,up,LED1,3.7,2653,1.1197683,0.0699835,1119.768,1,0,,
2026-10-08,10:51:DB:50:87:A4,0.21,0.103,10K,10000.0,up,LED1,12.4,4856,0.0088477,9.11e-05,884.765,0,7,0.0,0.01
2026-10-08,10:51:DB:50:87:A4,0.21,0.103,25K,25000.0,up,LED1,23.3,4885,0.0288986,0.0001284,1155.942,0,7,,3.13
2026-10-08,10:51:DB:50:87:A4,0.21,0.103,50K,50000.0,up,LED1,34.2,4838,0.0628916,0.0001555,1257.832,0,7,0.0,0.65
2026-10-08,10:51:DB:50:87:A4,0.21,0.103,100K,100000.0,up,LED1,45.1,4873,0.1295609,0.0003814,1295.609,0,7,0.0,1.2
2026-10-08,10:51:DB:50:87:A4,0.21,0.103,250K,250000.0,up,LED1,56.1,4854,0.3369512,0.001021,1347.805,0,7,0.0,0.91
2026-10-08,10:51:DB:50:87:A4,0.21,0.103,500K,500000.0,up,LED1,67.0,4865,0.6708302,0.0008027,1341.66,0,7,0.948,0.49
2026-10-08,10:51:DB:50:87:A4,0.21,0.103,1M,1000000.0,up,LED1,77.9,4855,1.1999,0.0,1199.9,1,7,0.0,0.0
2026-10-08,10:51:DB:50:87:A4,0.21,0.103,500K,500000.0,down,LED1,88.8,4854,0.6687882,0.0010576,1337.576,0,7,0.0,0.16
2026-10-08,10:51:DB:50:87:A4,0.21,0.103,250K,250000.0,down,LED1,99.8,4863,0.3359814,0.0007524,1343.926,0,7,,0.46
2026-10-08,10:51:DB:50:87:A4,0.21,0.103,100K,100000.0,down,LED1,110.7,4857,0.1278347,0.0003833,1278.347,0,7,0.0,-0.03
2026-10-08,10:51:DB:50:87:A4,0.21,0.103,50K,50000.0,down,LED1,121.6,4856,0.0614278,8.23e-05,1228.556,0,7,0.112,-0.06
2026-10-08,10:51:DB:50:87:A4,0.21,0.103,25K,25000.0,down,LED1,132.5,4865,0.0282115,4.88e-05,1128.461,0,7,0.0,0.28
2026-10-08,10:51:DB:50:87:A4,0.21,0.103,10K,10000.0,down,LED1,143.5,4860,0.008227,3.83e-05,822.702,0,7,0.0,0.17
2026-10-08,10:51:DB:50:87:A4,0.21,0.103,1M,1000000.0,down,LED1,151.6,2071,1.1999,0.0,1199.9,1,8,0.0,0.0
2026-10-08,10:51:DB:50:87:A4,0.21,0.103,1M,1000000.0,up,ALED1,3.7,2653,1.11802,0.0710169,1118.02,1,0,,
2026-10-08,10:51:DB:50:87:A4,0.21,0.103,10K,10000.0,up,ALED1,12.4,4856,0.0088302,9.1e-05,883.023,0,7,0.0,-0.02
2026-10-08,10:51:DB:50:87:A4,0.21,0.103,25K,25000.0,up,ALED1,23.3,4885,0.0288325,0.0001293,1153.3,0,7,,2.94
2026-10-08,10:51:DB:50:87:A4,0.21,0.103,50K,50000.0,up,ALED1,34.2,4838,0.062742,0.0001543,1254.84,0,7,0.0,0.68
2026-10-08,10:51:DB:50:87:A4,0.21,0.103,100K,100000.0,up,ALED1,45.1,4873,0.129249,0.000377,1292.49,0,7,0.0,1.4
2026-10-08,10:51:DB:50:87:A4,0.21,0.103,250K,250000.0,up,ALED1,56.1,4854,0.3361329,0.0010182,1344.532,0,7,0.0,1.0
2026-10-08,10:51:DB:50:87:A4,0.21,0.103,500K,500000.0,up,ALED1,67.0,4865,0.6691374,0.0008052,1338.275,0,7,0.808,0.76
2026-10-08,10:51:DB:50:87:A4,0.21,0.103,1M,1000000.0,up,ALED1,77.9,4855,1.1999,0.0,1199.9,1,7,0.0,0.0
2026-10-08,10:51:DB:50:87:A4,0.21,0.103,500K,500000.0,down,ALED1,88.8,4854,0.6670739,0.001008,1334.148,0,7,0.0,0.05
2026-10-08,10:51:DB:50:87:A4,0.21,0.103,250K,250000.0,down,ALED1,99.8,4863,0.3351577,0.0007233,1340.631,0,7,0.0,0.31
2026-10-08,10:51:DB:50:87:A4,0.21,0.103,100K,100000.0,down,ALED1,110.7,4857,0.1275294,0.0003806,1275.294,0,7,0.0,-0.12
2026-10-08,10:51:DB:50:87:A4,0.21,0.103,50K,50000.0,down,ALED1,121.6,4856,0.0612817,8.36e-05,1225.634,0,7,0.41,-0.18
2026-10-08,10:51:DB:50:87:A4,0.21,0.103,25K,25000.0,down,ALED1,132.5,4865,0.0281463,4.9e-05,1125.854,0,7,0.0,0.34
2026-10-08,10:51:DB:50:87:A4,0.21,0.103,10K,10000.0,down,ALED1,143.5,4860,0.0082119,3.82e-05,821.193,0,7,0.0,0.31
2026-10-08,10:51:DB:50:87:A4,0.21,0.103,1M,1000000.0,down,ALED1,151.6,2071,1.1999,0.0,1199.9,1,8,0.0,0.0
2026-10-08,10:51:DB:50:87:A4,0.21,0.103,1M,1000000.0,up,LED2,3.9,2887,1.1254867,0.0710748,1125.487,1,0,,
2026-10-08,10:51:DB:50:87:A4,0.21,0.103,10K,10000.0,up,LED2,12.8,4862,0.008818,0.0001126,881.797,0,7,0.0,-0.02
2026-10-08,10:51:DB:50:87:A4,0.21,0.103,25K,25000.0,up,LED2,23.8,4860,0.0288779,7.15e-05,1155.116,0,7,,-2.55
2026-10-08,10:51:DB:50:87:A4,0.21,0.103,50K,50000.0,up,LED2,34.7,4858,0.0628112,0.0001636,1256.223,0,7,0.0,-0.15
2026-10-08,10:51:DB:50:87:A4,0.21,0.103,100K,100000.0,up,LED2,45.6,4852,0.1293121,0.0003866,1293.121,0,7,0.0,1.01
2026-10-08,10:51:DB:50:87:A4,0.21,0.103,250K,250000.0,up,LED2,56.5,4859,0.3363216,0.0010362,1345.286,0,7,0.0,0.83
2026-10-08,10:51:DB:50:87:A4,0.21,0.103,500K,500000.0,up,LED2,67.5,4886,0.6698375,0.0007878,1339.675,0,7,0.272,0.39
2026-10-08,10:51:DB:50:87:A4,0.21,0.103,1M,1000000.0,up,LED2,78.4,4850,1.1999,0.0,1199.9,1,7,0.0,0.0
2026-10-08,10:51:DB:50:87:A4,0.21,0.103,500K,500000.0,down,LED2,89.3,4855,0.6679919,0.0010228,1335.984,0,7,0.0,0.08
2026-10-08,10:51:DB:50:87:A4,0.21,0.103,250K,250000.0,down,LED2,100.2,4865,0.3356041,0.0006437,1342.416,0,7,,0.67
2026-10-08,10:51:DB:50:87:A4,0.21,0.103,100K,100000.0,down,LED2,111.1,4835,0.1275989,0.0004,1275.989,0,7,0.0,-0.16
2026-10-08,10:51:DB:50:87:A4,0.21,0.103,50K,50000.0,down,LED2,122.0,4855,0.0613304,8.02e-05,1226.608,0,7,0.0,-0.35
2026-10-08,10:51:DB:50:87:A4,0.21,0.103,25K,25000.0,down,LED2,133.0,4889,0.0281658,5.02e-05,1126.632,0,7,0.0,0.01
2026-10-08,10:51:DB:50:87:A4,0.21,0.103,10K,10000.0,down,LED2,143.9,4857,0.0082128,3.93e-05,821.277,0,7,0.0,0.33
2026-10-08,10:51:DB:50:87:A4,0.21,0.103,1M,1000000.0,down,LED2,151.8,1835,1.1999,0.0,1199.9,1,7,0.0,0.0
2026-10-08,10:51:DB:50:87:A4,0.21,0.103,1M,1000000.0,up,ALED2,3.9,2887,1.1252292,0.0712417,1125.229,1,0,,
2026-10-08,10:51:DB:50:87:A4,0.21,0.103,10K,10000.0,up,ALED2,12.8,4862,0.0088252,0.0001124,882.522,0,7,0.0,-0.02
2026-10-08,10:51:DB:50:87:A4,0.21,0.103,25K,25000.0,up,ALED2,23.8,4860,0.0288807,7.03e-05,1155.229,0,7,,-2.68
2026-10-08,10:51:DB:50:87:A4,0.21,0.103,50K,50000.0,up,ALED2,34.7,4858,0.0628092,0.0001642,1256.184,0,7,0.0,-0.26
2026-10-08,10:51:DB:50:87:A4,0.21,0.103,100K,100000.0,up,ALED2,45.6,4852,0.1293041,0.0003822,1293.041,0,7,0.0,0.97
2026-10-08,10:51:DB:50:87:A4,0.21,0.103,250K,250000.0,up,ALED2,56.5,4859,0.3362802,0.0010158,1345.121,0,7,0.0,0.78
2026-10-08,10:51:DB:50:87:A4,0.21,0.103,500K,500000.0,up,ALED2,67.5,4886,0.6696756,0.0007573,1339.351,0,7,0.85,0.38
2026-10-08,10:51:DB:50:87:A4,0.21,0.103,1M,1000000.0,up,ALED2,78.4,4850,1.1999,0.0,1199.9,1,7,0.0,0.0
2026-10-08,10:51:DB:50:87:A4,0.21,0.103,500K,500000.0,down,ALED2,89.3,4855,0.6678414,0.0010294,1335.683,0,7,0.0,0.07
2026-10-08,10:51:DB:50:87:A4,0.21,0.103,250K,250000.0,down,ALED2,100.2,4865,0.3355626,0.0006576,1342.25,0,7,0.96,0.7
2026-10-08,10:51:DB:50:87:A4,0.21,0.103,100K,100000.0,down,ALED2,111.1,4835,0.127589,0.000398,1275.89,0,7,0.0,-0.17
2026-10-08,10:51:DB:50:87:A4,0.21,0.103,50K,50000.0,down,ALED2,122.0,4855,0.061328,8.08e-05,1226.56,0,7,0.02,-0.3
2026-10-08,10:51:DB:50:87:A4,0.21,0.103,25K,25000.0,down,ALED2,133.0,4889,0.0281696,5.02e-05,1126.785,0,7,0.0,0.06
2026-10-08,10:51:DB:50:87:A4,0.21,0.103,10K,10000.0,down,ALED2,143.9,4857,0.0082259,3.77e-05,822.59,0,7,,0.4
2026-10-08,10:51:DB:50:87:A4,0.21,0.103,1M,1000000.0,down,ALED2,151.8,1835,1.1999,0.0,1199.9,1,7,0.0,0.0
2026-10-08,10:51:DB:50:88:50,0.21,0.103,1M,1000000.0,up,LED1,3.8,2832,1.0971778,0.0848741,1097.178,1,0,,
2026-10-08,10:51:DB:50:88:50,0.21,0.103,10K,10000.0,up,LED1,12.7,4867,0.0067643,8.44e-05,676.428,0,7,0.0,0.01
2026-10-08,10:51:DB:50:88:50,0.21,0.103,25K,25000.0,up,LED1,23.7,4855,0.0263217,8.4e-05,1052.867,0,7,,-3.46
2026-10-08,10:51:DB:50:88:50,0.21,0.103,50K,50000.0,up,LED1,34.6,4864,0.0595459,0.0001501,1190.917,0,8,0.0,-0.04
2026-10-08,10:51:DB:50:88:50,0.21,0.103,100K,100000.0,up,LED1,45.5,4840,0.1248147,0.0003684,1248.147,0,7,0.0,1.22
2026-10-08,10:51:DB:50:88:50,0.21,0.103,250K,250000.0,up,LED1,56.4,4891,0.3247574,0.0009901,1299.03,0,7,0.0,0.73
2026-10-08,10:51:DB:50:88:50,0.21,0.103,500K,500000.0,up,LED1,67.4,4835,0.6502463,0.0007568,1300.493,0,7,0.246,0.69
2026-10-08,10:51:DB:50:88:50,0.21,0.103,1M,1000000.0,up,LED1,78.2,4850,1.1999,0.0,1199.9,1,7,0.0,0.0
2026-10-08,10:51:DB:50:88:50,0.21,0.103,500K,500000.0,down,LED1,89.2,4856,0.6482657,0.0009476,1296.531,0,7,0.0,0.04
2026-10-08,10:51:DB:50:88:50,0.21,0.103,250K,250000.0,down,LED1,100.1,4881,0.3238933,0.000631,1295.573,0,7,,0.52
2026-10-08,10:51:DB:50:88:50,0.21,0.103,100K,100000.0,down,LED1,111.0,4853,0.1230911,0.0003711,1230.911,0,7,0.0,-0.14
2026-10-08,10:51:DB:50:88:50,0.21,0.103,50K,50000.0,down,LED1,121.9,4856,0.0581098,7.5e-05,1162.195,0,7,0.0,-0.23
2026-10-08,10:51:DB:50:88:50,0.21,0.103,25K,25000.0,down,LED1,132.9,4853,0.0256466,4.79e-05,1025.864,0,7,0.0,0.06
2026-10-08,10:51:DB:50:88:50,0.21,0.103,10K,10000.0,down,LED1,143.8,4876,0.0062179,3.36e-05,621.792,0,7,,0.54
2026-10-08,10:51:DB:50:88:50,0.21,0.103,1M,1000000.0,down,LED1,151.8,1916,1.1999,0.0,1199.9,1,7,0.0,0.0
2026-10-08,10:51:DB:50:88:50,0.21,0.103,1M,1000000.0,up,ALED1,3.8,2832,1.0947833,0.0863143,1094.783,1,0,,
2026-10-08,10:51:DB:50:88:50,0.21,0.103,10K,10000.0,up,ALED1,12.7,4867,0.0068365,8.43e-05,683.655,0,7,0.002,-0.02
2026-10-08,10:51:DB:50:88:50,0.21,0.103,25K,25000.0,up,ALED1,23.7,4855,0.0263327,8.24e-05,1053.31,0,7,,-3.3
2026-10-08,10:51:DB:50:88:50,0.21,0.103,50K,50000.0,up,ALED1,34.6,4864,0.0594505,0.0001477,1189.01,0,8,0.0,0.08
2026-10-08,10:51:DB:50:88:50,0.21,0.103,100K,100000.0,up,ALED1,45.5,4840,0.1245119,0.0003699,1245.119,0,7,0.0,1.32
2026-10-08,10:51:DB:50:88:50,0.21,0.103,250K,250000.0,up,ALED1,56.4,4891,0.323783,0.0009854,1295.132,0,7,0.0,0.72
2026-10-08,10:51:DB:50:88:50,0.21,0.103,500K,500000.0,up,ALED1,67.4,4835,0.6480787,0.0007304,1296.157,0,7,,0.92
2026-10-08,10:51:DB:50:88:50,0.21,0.103,1M,1000000.0,up,ALED1,78.2,4850,1.1999,0.0,1199.9,1,7,0.0,0.0
2026-10-08,10:51:DB:50:88:50,0.21,0.103,500K,500000.0,down,ALED1,89.2,4856,0.6460995,0.0009212,1292.199,0,7,0.0,-0.06
2026-10-08,10:51:DB:50:88:50,0.21,0.103,250K,250000.0,down,ALED1,100.1,4881,0.3229264,0.00065,1291.705,0,7,0.914,0.4
2026-10-08,10:51:DB:50:88:50,0.21,0.103,100K,100000.0,down,ALED1,111.0,4853,0.1227907,0.0003721,1227.907,0,7,0.0,-0.15
2026-10-08,10:51:DB:50:88:50,0.21,0.103,50K,50000.0,down,ALED1,121.9,4856,0.058018,7.43e-05,1160.36,0,7,0.266,-0.28
2026-10-08,10:51:DB:50:88:50,0.21,0.103,25K,25000.0,down,ALED1,132.9,4853,0.0256591,4.79e-05,1026.366,0,7,0.0,-0.04
2026-10-08,10:51:DB:50:88:50,0.21,0.103,10K,10000.0,down,ALED1,143.8,4876,0.0062919,3.32e-05,629.19,0,7,,0.54
2026-10-08,10:51:DB:50:88:50,0.21,0.103,1M,1000000.0,down,ALED1,151.8,1916,1.1999,0.0,1199.9,1,7,0.0,0.0
2026-10-08,10:51:DB:50:88:50,0.21,0.103,1M,1000000.0,up,LED2,4.1,3066,1.1038149,0.0868071,1103.815,1,0,,
2026-10-08,10:51:DB:50:88:50,0.21,0.103,10K,10000.0,up,LED2,13.2,4845,0.0067164,0.0001399,671.641,0,7,0.0,-0.01
2026-10-08,10:51:DB:50:88:50,0.21,0.103,25K,25000.0,up,LED2,24.1,4883,0.0262739,5e-05,1050.958,0,7,0.862,-2.89
2026-10-08,10:51:DB:50:88:50,0.21,0.103,50K,50000.0,up,LED2,35.1,4862,0.059436,0.0001489,1188.72,0,7,0.0,-0.32
2026-10-08,10:51:DB:50:88:50,0.21,0.103,100K,100000.0,up,LED2,46.0,4839,0.1245119,0.0003786,1245.119,0,7,0.0,1.09
2026-10-08,10:51:DB:50:88:50,0.21,0.103,250K,250000.0,up,LED2,56.9,4865,0.3239955,0.0009982,1295.982,0,7,0.0,1.05
2026-10-08,10:51:DB:50:88:50,0.21,0.103,500K,500000.0,up,LED2,67.8,4861,0.648987,0.000753,1297.974,0,7,0.422,0.67
2026-10-08,10:51:DB:50:88:50,0.21,0.103,1M,1000000.0,up,LED2,78.7,4847,1.1999,0.0,1199.9,1,7,0.0,0.0
2026-10-08,10:51:DB:50:88:50,0.21,0.103,500K,500000.0,down,LED2,89.6,4860,0.6472623,0.0010925,1294.525,0,7,0.0,0.24
2026-10-08,10:51:DB:50:88:50,0.21,0.103,250K,250000.0,down,LED2,100.6,4886,0.323389,0.0006053,1293.556,0,7,,0.62
2026-10-08,10:51:DB:50:88:50,0.21,0.103,100K,100000.0,down,LED2,111.5,4824,0.1228037,0.0003823,1228.037,0,7,0.0,-0.1
2026-10-08,10:51:DB:50:88:50,0.21,0.103,50K,50000.0,down,LED2,122.4,4857,0.0579874,7.05e-05,1159.749,0,7,0.0,-0.06
2026-10-08,10:51:DB:50:88:50,0.21,0.103,25K,25000.0,down,LED2,133.3,4878,0.0255824,5.61e-05,1023.298,0,7,0.0,0.14
2026-10-08,10:51:DB:50:88:50,0.21,0.103,10K,10000.0,down,LED2,144.2,4848,0.0061961,3.66e-05,619.61,0,7,0.804,0.52
2026-10-08,10:51:DB:50:88:50,0.21,0.103,1M,1000000.0,down,LED2,152.0,1704,1.1999,0.0,1199.9,1,7,0.0,0.0
2026-10-08,10:51:DB:50:88:50,0.21,0.103,1M,1000000.0,up,ALED2,4.1,3066,1.1031359,0.0872844,1103.136,1,0,,
2026-10-08,10:51:DB:50:88:50,0.21,0.103,10K,10000.0,up,ALED2,13.2,4845,0.0068183,0.0001405,681.828,0,7,0.0,-0.02
2026-10-08,10:51:DB:50:88:50,0.21,0.103,25K,25000.0,up,ALED2,24.1,4883,0.0263588,5.1e-05,1054.35,0,7,,-2.9
2026-10-08,10:51:DB:50:88:50,0.21,0.103,50K,50000.0,up,ALED2,35.1,4862,0.0594917,0.0001512,1189.834,0,7,0.0,-0.27
2026-10-08,10:51:DB:50:88:50,0.21,0.103,100K,100000.0,up,ALED2,46.0,4839,0.1245059,0.0003726,1245.059,0,7,0.0,1.1
2026-10-08,10:51:DB:50:88:50,0.21,0.103,250K,250000.0,up,ALED2,56.9,4865,0.3237972,0.0009875,1295.189,0,7,0.0,1.0
2026-10-08,10:51:DB:50:88:50,0.21,0.103,500K,500000.0,up,ALED2,67.8,4861,0.6483497,0.0007396,1296.699,0,7,0.282,0.66
2026-10-08,10:51:DB:50:88:50,0.21,0.103,1M,1000000.0,up,ALED2,78.7,4847,1.1999,0.0,1199.9,1,7,0.0,0.0
2026-10-08,10:51:DB:50:88:50,0.21,0.103,500K,500000.0,down,ALED2,89.6,4860,0.6466073,0.0010618,1293.215,0,7,0.0,0.31
2026-10-08,10:51:DB:50:88:50,0.21,0.103,250K,250000.0,down,ALED2,100.6,4886,0.3231762,0.0005794,1292.705,0,7,,0.58
2026-10-08,10:51:DB:50:88:50,0.21,0.103,100K,100000.0,down,ALED2,111.5,4824,0.122799,0.0003791,1227.99,0,7,0.0,-0.08
2026-10-08,10:51:DB:50:88:50,0.21,0.103,50K,50000.0,down,ALED2,122.4,4857,0.0580418,7.14e-05,1160.836,0,7,0.0,-0.09
2026-10-08,10:51:DB:50:88:50,0.21,0.103,25K,25000.0,down,ALED2,133.3,4878,0.0256669,5.61e-05,1026.676,0,7,0.0,0.1
2026-10-08,10:51:DB:50:88:50,0.21,0.103,10K,10000.0,down,ALED2,144.2,4848,0.0063047,3.44e-05,630.471,0,7,0.844,0.44
2026-10-08,10:51:DB:50:88:50,0.21,0.103,1M,1000000.0,down,ALED2,152.0,1704,1.1999,0.0,1199.9,1,7,0.0,0.0
