date,board_mac,tap,n_reps,eps_fast_mean_pct,eps_fast_sd_pct,eps_ref_pct,eps_ref_kind,diff_pct
2026-10-08,10:51:DB:50:82:5C,10K,10,-4.164,0.128,-2.895,two_level,-1.269
2026-10-08,10:51:DB:50:82:5C,25K,10,-0.951,0.052,-1.027,two_level,0.076
2026-10-08,10:51:DB:50:82:5C,50K,10,-0.205,0.039,-0.149,two_level,-0.056
2026-10-08,10:51:DB:50:82:5C,100K,10,-0.448,0.025,-0.589,two_level,0.141
2026-10-08,10:51:DB:50:82:5C,250K,10,2.137,0.022,1.899,two_level,0.238
2026-10-08,10:51:DB:50:82:5C,500K,10,1.918,0.021,1.3,two_level,0.618
2026-10-08,10:51:DB:50:82:5C,1M,10,1.713,0.017,1.462,two_level,0.252
2026-10-08,10:51:DB:50:87:A4,10K,10,-3.398,0.107,-1.954,two_level,-1.444
2026-10-08,10:51:DB:50:87:A4,25K,10,-0.877,0.049,-0.923,two_level,0.046
2026-10-08,10:51:DB:50:87:A4,50K,10,-0.245,0.033,-0.191,two_level,-0.054
2026-10-08,10:51:DB:50:87:A4,100K,10,-0.757,0.024,-1.005,two_level,0.248
2026-10-08,10:51:DB:50:87:A4,250K,10,2.057,0.02,1.823,two_level,0.233
2026-10-08,10:51:DB:50:87:A4,500K,10,1.692,0.015,1.105,two_level,0.587
2026-10-08,10:51:DB:50:87:A4,1M,10,1.529,0.018,1.145,two_level,0.384
2026-10-08,10:51:DB:50:88:50,10K,10,-1.852,0.11,0.06,two_level,-1.913
2026-10-08,10:51:DB:50:88:50,25K,10,-0.579,0.028,-0.614,two_level,0.035
2026-10-08,10:51:DB:50:88:50,50K,10,-0.153,0.021,-0.123,two_level,-0.029
2026-10-08,10:51:DB:50:88:50,100K,10,-0.629,0.015,-1.045,two_level,0.416
2026-10-08,10:51:DB:50:88:50,250K,10,1.219,0.021,0.962,two_level,0.257
2026-10-08,10:51:DB:50:88:50,500K,10,1.096,0.028,0.477,two_level,0.619
2026-10-08,10:51:DB:50:88:50,1M,10,0.898,0.025,0.283,two_level,0.615
