date,board_mac,phase_protocol,freeze_on,phase,tap_from,tap_to,n_cycles,frozen_samples,samples_to_1pct,samples_to_0p1pct,dev_pct_at_0,dev_pct_at_1,dev_pct_at_2,dev_pct_at_3,dev_pct_at_4,dev_pct_at_5,dev_pct_at_6,dev_pct_at_8,dev_pct_at_10,dev_pct_at_15,dev_pct_at_20,dev_pct_at_30
2026-10-08,10:51:DB:50:82:5C,D,1,LED1,10K,25K,40,8,8,11.0,100.026,100.026,100.026,100.026,100.026,100.026,100.026,0.063,0.109,-0.12,-0.04,0.056
2026-10-08,10:51:DB:50:82:5C,D,1,LED1,25K,10K,40,8,8,8.0,99.958,99.958,99.958,99.958,99.958,99.958,99.958,0.027,0.026,-0.016,-0.006,0.034
2026-10-08,10:51:DB:50:82:5C,D,1,LED1,25K,50K,40,8,8,9.0,100.001,100.001,100.001,100.001,100.001,100.001,100.001,0.147,-0.052,-0.025,-0.005,-0.083
2026-10-08,10:51:DB:50:82:5C,D,1,LED1,50K,25K,40,8,8,8.0,100.155,100.155,100.155,100.155,100.155,100.155,100.155,0.092,-0.009,-0.033,-0.009,0.019
2026-10-08,10:51:DB:50:82:5C,D,1,LED1,50K,100K,40,8,8,8.0,100.005,100.005,100.005,100.005,100.005,100.005,100.005,0.01,0.004,-0.051,-0.02,0.042
2026-10-08,10:51:DB:50:82:5C,D,1,LED1,100K,50K,40,8,8,8.0,100.03,100.03,100.03,100.03,100.03,100.03,100.03,0.058,0.008,0.017,0.013,-0.021
2026-10-08,10:51:DB:50:82:5C,D,1,LED1,100K,250K,40,8,8,8.0,99.997,99.997,99.997,99.997,99.997,99.997,99.997,0.069,0.016,0.003,-0.013,0.002
2026-10-08,10:51:DB:50:82:5C,D,1,LED1,250K,100K,40,8,8,8.0,100.046,100.046,100.046,100.046,100.046,100.046,100.046,0.043,0.009,-0.004,0.002,0.014
2026-10-08,10:51:DB:50:82:5C,D,1,LED1,250K,500K,40,8,8,8.0,99.998,99.998,99.998,99.998,99.998,99.998,99.998,-0.033,-0.003,0.005,-0.026,-0.02
2026-10-08,10:51:DB:50:82:5C,D,1,LED1,500K,250K,40,8,8,8.0,100.019,100.019,100.019,100.019,100.019,100.019,100.019,0.017,-0.002,-0.013,-0.01,-0.011
2026-10-08,10:51:DB:50:82:5C,D,1,LED1,500K,1M,38,8,8,8.0,100.045,100.045,100.045,100.045,100.045,100.045,100.045,0.09,0.066,0.04,0.025,0.082
2026-10-08,10:51:DB:50:82:5C,D,1,LED1,1M,500K,38,8,8,8.0,100.053,100.053,100.053,100.053,100.053,100.053,100.053,0.039,0.024,0.006,-0.016,-0.007
2026-10-08,10:51:DB:50:82:5C,D,1,ALED1,10K,25K,40,8,8,8.0,99.986,99.986,99.986,99.986,99.986,99.986,99.986,-0.017,0.073,-0.076,-0.039,0.143
2026-10-08,10:51:DB:50:82:5C,D,1,ALED1,25K,10K,40,8,8,8.0,99.956,99.956,99.956,99.956,99.956,99.956,99.956,0.023,0.037,0.018,0.012,-0.0
2026-10-08,10:51:DB:50:82:5C,D,1,ALED1,25K,50K,40,8,8,9.0,100.04,100.04,100.04,100.04,100.04,100.04,100.04,0.183,-0.038,-0.132,-0.055,-0.062
2026-10-08,10:51:DB:50:82:5C,D,1,ALED1,50K,25K,40,8,8,9.0,100.166,100.166,100.166,100.166,100.166,100.166,100.166,0.129,0.04,0.007,0.036,0.084
2026-10-08,10:51:DB:50:82:5C,D,1,ALED1,50K,100K,40,8,8,23.0,100.031,100.031,100.031,100.031,100.031,100.031,100.031,-0.083,-0.103,-0.161,-0.121,0.019
2026-10-08,10:51:DB:50:82:5C,D,1,ALED1,100K,50K,40,8,8,9.0,99.998,99.998,99.998,99.998,99.998,99.998,99.998,0.103,0.019,0.049,0.025,0.015
2026-10-08,10:51:DB:50:82:5C,D,1,ALED1,100K,250K,40,8,8,8.0,99.986,99.986,99.986,99.986,99.986,99.986,99.986,0.068,-0.019,-0.044,-0.06,0.026
2026-10-08,10:51:DB:50:82:5C,D,1,ALED1,250K,100K,40,8,8,8.0,100.014,100.014,100.014,100.014,100.014,100.014,100.014,0.076,0.053,0.028,0.042,0.019
2026-10-08,10:51:DB:50:82:5C,D,1,ALED1,250K,500K,40,8,8,28.0,99.99,99.99,99.99,99.99,99.99,99.99,99.99,-0.229,-0.164,-0.179,-0.212,0.033
2026-10-08,10:51:DB:50:82:5C,D,1,ALED1,500K,250K,40,8,8,8.0,100.025,100.025,100.025,100.025,100.025,100.025,100.025,0.099,0.089,0.077,0.08,-0.009
2026-10-08,10:51:DB:50:82:5C,D,1,ALED1,500K,1M,38,8,8,8.0,100.056,100.056,100.056,100.056,100.056,100.056,100.056,-0.024,-0.018,-0.086,-0.005,0.095
2026-10-08,10:51:DB:50:82:5C,D,1,ALED1,1M,500K,38,8,8,8.0,100.023,100.023,100.023,100.023,100.023,100.023,100.023,0.093,0.056,0.061,0.007,-0.013
2026-10-08,10:51:DB:50:82:5C,D,1,LED2,10K,25K,40,8,8,8.0,100.005,100.005,100.005,100.005,100.005,100.005,100.005,0.052,-0.067,0.024,-0.112,-0.105
2026-10-08,10:51:DB:50:82:5C,D,1,LED2,25K,10K,40,8,8,8.0,99.999,99.999,99.999,99.999,99.999,99.999,99.999,0.014,0.06,0.042,0.036,0.015
2026-10-08,10:51:DB:50:82:5C,D,1,LED2,25K,50K,40,8,8,9.0,99.965,99.965,99.965,99.965,99.965,99.965,99.965,0.13,-0.097,-0.001,-0.129,-0.066
2026-10-08,10:51:DB:50:82:5C,D,1,LED2,50K,25K,40,8,8,8.0,99.984,99.984,99.984,99.984,99.984,99.984,99.984,0.037,0.004,-0.013,-0.006,-0.012
2026-10-08,10:51:DB:50:82:5C,D,1,LED2,50K,100K,40,8,8,8.0,100.0,100.0,100.0,100.0,100.0,100.0,100.0,-0.037,-0.044,0.09,-0.077,-0.069
2026-10-08,10:51:DB:50:82:5C,D,1,LED2,100K,50K,40,8,8,8.0,99.98,99.98,99.98,99.98,99.98,99.98,99.98,0.005,-0.009,-0.01,-0.001,0.026
2026-10-08,10:51:DB:50:82:5C,D,1,LED2,100K,250K,40,8,8,9.0,99.992,99.992,99.992,99.992,99.992,99.992,99.992,0.169,0.001,0.005,-0.012,0.005
2026-10-08,10:51:DB:50:82:5C,D,1,LED2,250K,100K,40,8,8,8.0,99.988,99.988,99.988,99.988,99.988,99.988,99.988,0.061,-0.0,0.003,0.001,-0.001
2026-10-08,10:51:DB:50:82:5C,D,1,LED2,250K,500K,40,8,8,8.0,100.009,100.009,100.009,100.009,100.009,100.009,100.009,0.03,-0.042,0.035,-0.03,-0.041
2026-10-08,10:51:DB:50:82:5C,D,1,LED2,500K,250K,40,8,8,8.0,100.068,100.068,100.068,100.068,100.068,100.068,100.068,0.06,0.006,0.005,0.007,0.0
2026-10-08,10:51:DB:50:82:5C,D,1,LED2,500K,1M,38,8,8,10.0,99.986,99.986,99.986,99.986,99.986,99.986,99.986,0.142,0.026,-0.058,0.041,0.013
2026-10-08,10:51:DB:50:82:5C,D,1,LED2,1M,500K,38,8,8,8.0,99.962,99.962,99.962,99.962,99.962,99.962,99.962,0.063,0.005,0.009,-0.011,-0.008
2026-10-08,10:51:DB:50:82:5C,D,1,ALED2,10K,25K,40,8,8,9.0,99.969,99.969,99.969,99.969,99.969,99.969,99.969,0.14,-0.043,-0.038,-0.093,-0.096
2026-10-08,10:51:DB:50:82:5C,D,1,ALED2,25K,10K,40,8,8,8.0,99.986,99.986,99.986,99.986,99.986,99.986,99.986,0.029,-0.01,0.027,0.036,0.032
2026-10-08,10:51:DB:50:82:5C,D,1,ALED2,25K,50K,40,8,8,11.0,99.91,99.91,99.91,99.91,99.91,99.91,99.91,0.117,-0.104,0.032,-0.11,-0.057
2026-10-08,10:51:DB:50:82:5C,D,1,ALED2,50K,25K,40,8,8,8.0,100.014,100.014,100.014,100.014,100.014,100.014,100.014,0.037,-0.032,-0.026,-0.011,-0.014
2026-10-08,10:51:DB:50:82:5C,D,1,ALED2,50K,100K,40,8,8,8.0,99.946,99.946,99.946,99.946,99.946,99.946,99.946,0.005,-0.032,0.12,-0.064,-0.032
2026-10-08,10:51:DB:50:82:5C,D,1,ALED2,100K,50K,40,8,8,8.0,100.073,100.073,100.073,100.073,100.073,100.073,100.073,0.009,0.049,0.003,0.02,0.009
2026-10-08,10:51:DB:50:82:5C,D,1,ALED2,100K,250K,40,8,8,9.0,99.965,99.965,99.965,99.965,99.965,99.965,99.965,0.18,-0.013,0.022,-0.002,0.003
2026-10-08,10:51:DB:50:82:5C,D,1,ALED2,250K,100K,40,8,8,8.0,100.01,100.01,100.01,100.01,100.01,100.01,100.01,0.072,-0.003,0.004,-0.004,-0.001
2026-10-08,10:51:DB:50:82:5C,D,1,ALED2,250K,500K,40,8,8,8.0,99.916,99.916,99.916,99.916,99.916,99.916,99.916,0.088,-0.008,0.037,-0.0,-0.011
2026-10-08,10:51:DB:50:82:5C,D,1,ALED2,500K,250K,40,8,8,8.0,100.239,100.239,100.239,100.239,100.239,100.239,100.239,0.084,0.014,-0.018,-0.008,0.01
2026-10-08,10:51:DB:50:82:5C,D,1,ALED2,500K,1M,38,8,8,10.0,99.936,99.936,99.936,99.936,99.936,99.936,99.936,0.189,0.047,-0.047,0.032,0.047
2026-10-08,10:51:DB:50:82:5C,D,1,ALED2,1M,500K,38,8,8,8.0,100.106,100.106,100.106,100.106,100.106,100.106,100.106,0.067,-0.005,0.022,-0.009,-0.014
2026-10-08,10:51:DB:50:82:5C,E,0,LED1,10K,25K,40,0,4,8.0,99.951,29.254,8.476,2.547,0.732,0.369,0.17,0.043,-0.045,0.133,-0.107,-0.055
2026-10-08,10:51:DB:50:82:5C,E,0,LED1,25K,10K,40,0,4,11.0,99.949,29.157,8.632,2.565,0.842,0.365,0.16,0.064,0.117,0.063,0.029,0.012
2026-10-08,10:51:DB:50:82:5C,E,0,LED1,25K,50K,40,0,4,6.0,99.956,29.224,8.494,2.48,0.745,0.267,0.094,-0.014,-0.05,0.01,-0.031,-0.053
2026-10-08,10:51:DB:50:82:5C,E,0,LED1,50K,25K,40,0,4,6.0,99.983,29.232,8.604,2.624,0.878,0.276,0.076,0.057,0.033,0.056,0.012,-0.002
2026-10-08,10:51:DB:50:82:5C,E,0,LED1,50K,100K,40,0,4,7.0,99.889,28.89,8.274,2.418,0.698,0.264,0.161,0.004,-0.033,-0.025,-0.051,-0.02
2026-10-08,10:51:DB:50:82:5C,E,0,LED1,100K,50K,40,0,4,7.0,99.822,28.95,8.362,2.419,0.687,0.249,0.118,0.03,0.019,0.035,-0.008,-0.0
2026-10-08,10:51:DB:50:82:5C,E,0,LED1,100K,250K,40,0,4,6.0,99.992,29.112,8.491,2.418,0.644,0.174,0.05,0.045,0.039,-0.049,0.049,0.066
2026-10-08,10:51:DB:50:82:5C,E,0,LED1,250K,100K,40,0,4,6.0,99.95,29.152,8.497,2.492,0.753,0.219,0.06,-0.023,-0.012,0.014,-0.006,0.005
2026-10-08,10:51:DB:50:82:5C,E,0,LED1,250K,500K,40,0,4,8.0,99.969,29.075,8.326,2.391,0.703,0.225,0.072,0.046,-0.004,-0.014,-0.002,0.012
2026-10-08,10:51:DB:50:82:5C,E,0,LED1,500K,250K,40,0,4,6.0,99.96,29.099,8.517,2.505,0.723,0.196,0.064,-0.041,0.004,-0.02,-0.005,-0.001
2026-10-08,10:51:DB:50:82:5C,E,0,LED1,500K,1M,39,0,4,8.0,100.014,29.429,8.741,2.719,0.824,0.207,-0.011,-0.043,0.037,-0.075,0.028,0.041
2026-10-08,10:51:DB:50:82:5C,E,0,LED1,1M,500K,39,0,4,7.0,99.998,29.258,8.628,2.567,0.764,0.253,0.121,0.035,0.006,0.021,-0.008,-0.019
2026-10-08,10:51:DB:50:82:5C,E,0,LED1,10K,1M,38,0,4,6.0,99.999,29.132,8.516,2.479,0.717,0.244,0.096,-0.001,-0.02,0.013,-0.02,-0.023
2026-10-08,10:51:DB:50:82:5C,E,0,LED1,1M,10K,38,0,4,6.0,99.875,29.068,8.462,2.466,0.72,0.213,0.066,0.01,0.005,0.006,0.001,0.001
2026-10-08,10:51:DB:50:82:5C,E,0,ALED1,10K,25K,40,0,5,7.0,99.728,32.869,10.798,3.546,1.054,0.419,0.137,0.005,-0.026,0.105,-0.078,-0.071
2026-10-08,10:51:DB:50:82:5C,E,0,ALED1,25K,10K,40,0,4,8.0,41.245,13.722,4.671,1.625,0.683,0.38,0.216,0.092,0.041,0.045,0.108,0.04
2026-10-08,10:51:DB:50:82:5C,E,0,ALED1,25K,50K,40,0,5,6.0,99.967,32.939,10.82,3.502,1.074,0.321,0.041,-0.083,-0.028,-0.013,-0.026,-0.031
2026-10-08,10:51:DB:50:82:5C,E,0,ALED1,50K,25K,40,0,5,8.0,99.998,32.991,10.912,3.59,1.228,0.447,0.167,0.083,0.077,0.059,0.014,-0.017
2026-10-08,10:51:DB:50:82:5C,E,0,ALED1,50K,100K,40,0,4,15.0,99.764,32.648,10.593,3.076,0.734,0.129,0.047,-0.105,-0.156,-0.096,-0.037,-0.043
2026-10-08,10:51:DB:50:82:5C,E,0,ALED1,100K,50K,40,0,4,8.0,36.86,12.273,4.102,1.463,0.527,0.304,0.191,0.098,0.066,0.059,-0.005,-0.042
2026-10-08,10:51:DB:50:82:5C,E,0,ALED1,100K,250K,40,0,5,6.0,99.991,32.999,10.851,3.508,1.033,0.252,0.045,-0.003,-0.018,-0.093,0.038,0.028
2026-10-08,10:51:DB:50:82:5C,E,0,ALED1,250K,100K,40,0,5,7.0,99.952,33.061,10.955,3.641,1.217,0.398,0.141,0.014,0.019,0.024,-0.002,-0.01
2026-10-08,10:51:DB:50:82:5C,E,0,ALED1,250K,500K,40,0,4,17.0,99.941,32.774,10.451,3.105,0.811,0.109,-0.081,-0.178,-0.195,-0.178,-0.083,0.006
2026-10-08,10:51:DB:50:82:5C,E,0,ALED1,500K,250K,40,0,4,7.0,33.198,11.135,3.844,1.39,0.537,0.28,0.178,0.085,0.095,0.075,0.038,-0.001
2026-10-08,10:51:DB:50:82:5C,E,0,ALED1,500K,1M,39,0,5,10.0,100.008,33.033,10.934,3.519,1.014,0.196,-0.137,-0.122,-0.091,-0.176,0.035,0.034
2026-10-08,10:51:DB:50:82:5C,E,0,ALED1,1M,500K,39,0,5,8.0,100.015,33.006,10.915,3.658,1.249,0.455,0.26,0.074,0.04,0.068,-0.022,-0.008
2026-10-08,10:51:DB:50:82:5C,E,0,ALED1,10K,1M,38,0,4,6.0,42.467,13.994,4.638,1.527,0.573,0.209,0.041,-0.043,-0.073,-0.031,-0.031,-0.028
2026-10-08,10:51:DB:50:82:5C,E,0,ALED1,1M,10K,38,0,4,6.0,33.105,10.944,3.618,1.197,0.401,0.136,0.049,0.009,0.004,0.004,-0.002,0.0
2026-10-08,10:51:DB:50:82:5C,E,0,LED2,10K,25K,40,0,5,7.0,100.033,99.832,28.794,8.259,2.159,0.536,0.156,0.043,0.049,0.034,0.082,0.087
2026-10-08,10:51:DB:50:82:5C,E,0,LED2,25K,10K,40,0,5,9.0,100.075,96.971,18.077,8.157,2.287,0.368,0.224,0.138,0.076,-0.018,0.097,0.06
2026-10-08,10:51:DB:50:82:5C,E,0,LED2,25K,50K,40,0,5,7.0,100.012,99.987,28.886,8.42,2.46,0.763,0.244,0.024,-0.017,0.062,-0.018,-0.043
2026-10-08,10:51:DB:50:82:5C,E,0,LED2,50K,25K,40,0,5,7.0,100.072,99.957,28.913,8.384,2.404,0.7,0.195,0.05,-0.004,0.008,0.062,0.054
2026-10-08,10:51:DB:50:82:5C,E,0,LED2,50K,100K,40,0,5,8.0,99.991,99.901,28.672,8.182,2.282,0.538,0.031,-0.092,0.001,-0.031,0.023,0.009
2026-10-08,10:51:DB:50:82:5C,E,0,LED2,100K,50K,40,0,4,6.0,100.052,29.172,8.53,2.536,0.771,0.261,0.047,-0.007,0.027,-0.017,0.028,0.026
2026-10-08,10:51:DB:50:82:5C,E,0,LED2,100K,250K,40,0,5,6.0,99.992,99.991,28.944,8.391,2.414,0.571,0.093,-0.022,-0.014,-0.006,-0.012,-0.013
2026-10-08,10:51:DB:50:82:5C,E,0,LED2,250K,100K,40,0,5,7.0,99.991,99.982,28.986,8.41,2.454,0.743,0.172,0.008,-0.006,0.004,-0.017,-0.009
2026-10-08,10:51:DB:50:82:5C,E,0,LED2,250K,500K,40,0,5,7.0,99.975,99.95,28.904,8.193,2.302,0.588,0.177,-0.053,-0.011,-0.03,-0.019,-0.02
2026-10-08,10:51:DB:50:82:5C,E,0,LED2,500K,250K,40,0,5,7.0,99.999,99.945,28.941,8.33,2.4,0.685,0.212,0.005,0.012,0.011,-0.003,-0.009
2026-10-08,10:51:DB:50:82:5C,E,0,LED2,500K,1M,39,0,5,7.0,99.96,99.93,28.995,8.442,2.47,0.728,0.176,-0.038,-0.077,0.073,-0.075,-0.059
2026-10-08,10:51:DB:50:82:5C,E,0,LED2,1M,500K,39,0,5,7.0,100.033,99.994,29.068,8.462,2.449,0.71,0.189,-0.015,-0.007,0.005,-0.003,-0.002
2026-10-08,10:51:DB:50:82:5C,E,0,LED2,10K,1M,38,0,5,7.0,99.996,99.991,28.893,8.284,2.291,0.524,0.132,-0.001,-0.012,-0.004,-0.001,-0.007
2026-10-08,10:51:DB:50:82:5C,E,0,LED2,1M,10K,38,0,5,7.0,100.002,99.847,28.934,2.442,2.43,0.702,0.198,0.011,0.001,0.0,-0.0,0.001
2026-10-08,10:51:DB:50:82:5C,E,0,ALED2,10K,25K,40,0,5,7.0,99.953,99.657,33.18,10.954,3.454,0.888,0.278,0.005,-0.014,0.08,0.036,0.054
2026-10-08,10:51:DB:50:82:5C,E,0,ALED2,25K,10K,40,0,5,10.0,100.073,33.531,11.308,3.966,1.417,0.559,0.276,0.131,0.085,0.025,0.095,0.09
2026-10-08,10:51:DB:50:82:5C,E,0,ALED2,25K,50K,40,0,6,8.0,99.964,99.793,33.196,11.051,3.706,1.258,0.413,0.042,0.006,0.058,0.009,-0.037
2026-10-08,10:51:DB:50:82:5C,E,0,ALED2,50K,25K,40,0,6,8.0,100.02,99.477,33.134,10.962,3.606,1.189,0.409,0.021,0.02,0.02,0.034,0.013
2026-10-08,10:51:DB:50:82:5C,E,0,ALED2,50K,100K,40,0,5,7.0,99.956,53.878,17.718,5.795,1.946,0.754,0.261,-0.046,0.035,-0.004,0.024,0.037
2026-10-08,10:51:DB:50:82:5C,E,0,ALED2,100K,50K,40,0,5,7.0,100.199,33.568,11.252,3.773,1.333,0.466,0.177,-0.002,0.03,-0.085,0.069,0.039
2026-10-08,10:51:DB:50:82:5C,E,0,ALED2,100K,250K,40,0,5,7.0,99.939,95.002,31.688,10.695,3.44,0.971,0.249,-0.038,-0.0,0.01,-0.016,-0.014
2026-10-08,10:51:DB:50:82:5C,E,0,ALED2,250K,100K,40,0,6,8.0,100.047,99.037,33.183,11.027,3.61,1.174,0.379,0.019,-0.005,0.01,-0.029,-0.024
2026-10-08,10:51:DB:50:82:5C,E,0,ALED2,250K,500K,40,0,6,8.0,99.909,99.807,33.157,10.898,3.562,1.147,0.383,0.059,0.025,0.038,0.024,0.007
2026-10-08,10:51:DB:50:82:5C,E,0,ALED2,500K,250K,40,0,6,7.0,100.16,100.121,33.281,11.04,3.645,1.205,0.355,0.026,-0.007,-0.006,-0.018,-0.027
2026-10-08,10:51:DB:50:82:5C,E,0,ALED2,500K,1M,39,0,6,7.0,99.915,99.811,33.143,10.972,3.597,1.143,0.344,-0.008,-0.044,0.054,-0.052,-0.02
2026-10-08,10:51:DB:50:82:5C,E,0,ALED2,1M,500K,39,0,6,7.0,100.134,96.123,32.19,10.743,3.611,1.178,0.359,0.024,0.006,-0.017,0.0,0.014
2026-10-08,10:51:DB:50:82:5C,E,0,ALED2,10K,1M,38,0,5,7.0,99.996,34.198,11.45,3.882,1.396,0.537,0.252,0.051,-0.003,0.01,-0.021,0.001
2026-10-08,10:51:DB:50:82:5C,E,0,ALED2,1M,10K,38,0,6,8.0,100.02,88.372,29.457,9.814,3.274,1.089,0.367,0.04,0.003,-0.0,-0.001,-0.001
2026-10-08,10:51:DB:50:87:A4,D,1,LED1,10K,25K,40,8,8,11.0,100.054,100.054,100.054,100.054,100.054,100.054,100.054,0.089,0.129,-0.066,-0.044,0.082
2026-10-08,10:51:DB:50:87:A4,D,1,LED1,25K,10K,40,8,8,8.0,99.961,99.961,99.961,99.961,99.961,99.961,99.961,-0.02,0.001,-0.035,-0.017,0.015
2026-10-08,10:51:DB:50:87:A4,D,1,LED1,25K,50K,40,9,9,13.0,99.933,99.933,99.933,99.933,99.933,99.933,99.933,99.629,-0.116,-0.097,-0.083,-0.103
2026-10-08,10:51:DB:50:87:A4,D,1,LED1,50K,25K,40,8,8,8.0,99.886,99.886,99.886,99.886,99.886,99.886,99.886,0.066,-0.037,-0.059,-0.059,-0.091
2026-10-08,10:51:DB:50:87:A4,D,1,LED1,50K,100K,40,8,8,18.0,100.009,100.009,100.009,100.009,100.009,100.009,100.009,0.005,-0.146,-0.138,-0.093,-0.046
2026-10-08,10:51:DB:50:87:A4,D,1,LED1,100K,50K,40,8,8,8.0,99.941,99.941,99.941,99.941,99.941,99.941,99.941,-0.057,-0.09,-0.006,-0.001,-0.092
2026-10-08,10:51:DB:50:87:A4,D,1,LED1,100K,250K,40,8,8,8.0,99.964,99.964,99.964,99.964,99.964,99.964,99.964,0.034,-0.015,-0.012,-0.048,-0.043
2026-10-08,10:51:DB:50:87:A4,D,1,LED1,250K,100K,40,8,8,8.0,100.012,100.012,100.012,100.012,100.012,100.012,100.012,0.054,-0.007,-0.009,-0.012,-0.01
2026-10-08,10:51:DB:50:87:A4,D,1,LED1,250K,500K,40,8,8,12.0,100.014,100.014,100.014,100.014,100.014,100.014,100.014,0.118,0.045,0.017,0.016,0.039
2026-10-08,10:51:DB:50:87:A4,D,1,LED1,500K,250K,40,8,8,8.0,99.945,99.945,99.945,99.945,99.945,99.945,99.945,0.021,-0.035,-0.017,-0.029,-0.044
2026-10-08,10:51:DB:50:87:A4,D,1,LED1,500K,1M,38,8,8,13.0,99.975,99.975,99.975,99.975,99.975,99.975,99.975,0.102,-0.116,-0.016,0.014,-0.061
2026-10-08,10:51:DB:50:87:A4,D,1,LED1,1M,500K,38,8,8,8.0,100.087,100.087,100.087,100.087,100.087,100.087,100.087,0.001,0.092,0.026,0.023,0.085
2026-10-08,10:51:DB:50:87:A4,D,1,ALED1,10K,25K,40,8,8,8.0,100.036,100.036,100.036,100.036,100.036,100.036,100.036,0.082,0.045,-0.031,-0.043,0.056
2026-10-08,10:51:DB:50:87:A4,D,1,ALED1,25K,10K,40,8,8,8.0,99.966,99.966,99.966,99.966,99.966,99.966,99.966,0.04,0.073,0.012,-0.013,0.01
2026-10-08,10:51:DB:50:87:A4,D,1,ALED1,25K,50K,40,9,9,13.0,99.921,99.921,99.921,99.921,99.921,99.921,99.921,99.594,-0.183,-0.024,-0.061,-0.113
2026-10-08,10:51:DB:50:87:A4,D,1,ALED1,50K,25K,40,8,8,9.0,99.926,99.926,99.926,99.926,99.926,99.926,99.926,0.163,0.012,0.012,0.012,-0.097
2026-10-08,10:51:DB:50:87:A4,D,1,ALED1,50K,100K,40,8,8,27.0,99.988,99.988,99.988,99.988,99.988,99.988,99.988,-0.16,-0.278,-0.314,-0.204,-0.083
2026-10-08,10:51:DB:50:87:A4,D,1,ALED1,100K,50K,40,8,8,8.0,99.895,99.895,99.895,99.895,99.895,99.895,99.895,0.047,-0.037,0.077,0.071,-0.101
2026-10-08,10:51:DB:50:87:A4,D,1,ALED1,100K,250K,40,8,8,10.0,99.965,99.965,99.965,99.965,99.965,99.965,99.965,-0.032,-0.092,-0.116,-0.094,-0.039
2026-10-08,10:51:DB:50:87:A4,D,1,ALED1,250K,100K,40,8,8,9.0,100.019,100.019,100.019,100.019,100.019,100.019,100.019,0.107,0.033,0.042,0.035,0.001
2026-10-08,10:51:DB:50:87:A4,D,1,ALED1,250K,500K,40,8,8,27.0,100.0,100.0,100.0,100.0,100.0,100.0,100.0,-0.172,-0.109,-0.183,-0.185,0.046
2026-10-08,10:51:DB:50:87:A4,D,1,ALED1,500K,250K,40,8,8,18.0,99.935,99.935,99.935,99.935,99.935,99.935,99.935,0.13,0.071,0.101,0.086,-0.037
2026-10-08,10:51:DB:50:87:A4,D,1,ALED1,500K,1M,38,8,8,17.0,99.957,99.957,99.957,99.957,99.957,99.957,99.957,-0.089,-0.262,-0.164,-0.095,-0.096
2026-10-08,10:51:DB:50:87:A4,D,1,ALED1,1M,500K,38,8,8,22.0,100.108,100.108,100.108,100.108,100.108,100.108,100.108,0.096,0.153,0.112,0.108,0.072
2026-10-08,10:51:DB:50:87:A4,D,1,LED2,10K,25K,40,8,8,9.0,99.983,99.983,99.983,99.983,99.983,99.983,99.983,0.124,-0.002,0.052,0.053,-0.027
2026-10-08,10:51:DB:50:87:A4,D,1,LED2,25K,10K,40,8,8,9.0,100.006,100.006,100.006,100.006,100.006,100.006,100.006,0.116,0.056,0.005,-0.006,-0.028
2026-10-08,10:51:DB:50:87:A4,D,1,LED2,25K,50K,40,8,8,8.0,100.032,100.032,100.032,100.032,100.032,100.032,100.032,0.019,-0.091,-0.022,-0.049,-0.048
2026-10-08,10:51:DB:50:87:A4,D,1,LED2,50K,25K,40,8,8,8.0,99.923,99.923,99.923,99.923,99.923,99.923,99.923,0.069,-0.025,-0.032,-0.027,0.008
2026-10-08,10:51:DB:50:87:A4,D,1,LED2,50K,100K,40,8,8,8.0,99.974,99.974,99.974,99.974,99.974,99.974,99.974,-0.004,-0.049,0.057,-0.156,-0.075
2026-10-08,10:51:DB:50:87:A4,D,1,LED2,100K,50K,40,8,8,8.0,100.037,100.037,100.037,100.037,100.037,100.037,100.037,0.039,0.062,-0.001,-0.003,0.021
2026-10-08,10:51:DB:50:87:A4,D,1,LED2,100K,250K,40,8,8,8.0,100.008,100.008,100.008,100.008,100.008,100.008,100.008,0.049,-0.064,0.046,-0.059,-0.059
2026-10-08,10:51:DB:50:87:A4,D,1,LED2,250K,100K,40,8,8,8.0,99.959,99.959,99.959,99.959,99.959,99.959,99.959,0.016,0.009,0.007,-0.022,-0.006
2026-10-08,10:51:DB:50:87:A4,D,1,LED2,250K,500K,40,8,8,9.0,100.06,100.06,100.06,100.06,100.06,100.06,100.06,0.107,0.054,-0.077,0.08,0.06
2026-10-08,10:51:DB:50:87:A4,D,1,LED2,500K,250K,40,8,8,8.0,99.979,99.979,99.979,99.979,99.979,99.979,99.979,0.026,0.007,0.014,-0.001,-0.002
2026-10-08,10:51:DB:50:87:A4,D,1,LED2,500K,1M,38,8,8,8.0,99.988,99.988,99.988,99.988,99.988,99.988,99.988,-0.002,0.07,-0.025,-0.025,0.028
2026-10-08,10:51:DB:50:87:A4,D,1,LED2,1M,500K,38,8,8,8.0,100.013,100.013,100.013,100.013,100.013,100.013,100.013,0.067,0.033,-0.033,0.014,0.022
2026-10-08,10:51:DB:50:87:A4,D,1,ALED2,10K,25K,40,8,8,9.0,99.963,99.963,99.963,99.963,99.963,99.963,99.963,0.168,-0.003,0.007,0.007,0.028
2026-10-08,10:51:DB:50:87:A4,D,1,ALED2,25K,10K,40,8,8,9.0,99.918,99.918,99.918,99.918,99.918,99.918,99.918,0.24,0.049,0.031,0.004,-0.021
2026-10-08,10:51:DB:50:87:A4,D,1,ALED2,25K,50K,40,8,8,11.0,99.95,99.95,99.95,99.95,99.95,99.95,99.95,0.071,-0.114,0.058,-0.076,-0.075
2026-10-08,10:51:DB:50:87:A4,D,1,ALED2,50K,25K,40,8,8,9.0,99.945,99.945,99.945,99.945,99.945,99.945,99.945,0.101,-0.034,-0.017,-0.02,0.004
2026-10-08,10:51:DB:50:87:A4,D,1,ALED2,50K,100K,40,8,8,8.0,99.896,99.896,99.896,99.896,99.896,99.896,99.896,0.002,-0.088,0.062,-0.113,-0.072
2026-10-08,10:51:DB:50:87:A4,D,1,ALED2,100K,50K,40,8,8,8.0,100.177,100.177,100.177,100.177,100.177,100.177,100.177,0.071,0.03,-0.042,0.033,0.024
2026-10-08,10:51:DB:50:87:A4,D,1,ALED2,100K,250K,40,8,8,8.0,99.948,99.948,99.948,99.948,99.948,99.948,99.948,0.06,-0.055,0.08,-0.051,-0.063
2026-10-08,10:51:DB:50:87:A4,D,1,ALED2,250K,100K,40,8,8,8.0,100.041,100.041,100.041,100.041,100.041,100.041,100.041,0.021,-0.002,-0.005,0.0,-0.005
2026-10-08,10:51:DB:50:87:A4,D,1,ALED2,250K,500K,40,8,8,12.0,99.917,99.917,99.917,99.917,99.917,99.917,99.917,0.149,0.111,-0.06,0.08,0.102
2026-10-08,10:51:DB:50:87:A4,D,1,ALED2,500K,250K,40,8,8,8.0,100.177,100.177,100.177,100.177,100.177,100.177,100.177,0.023,-0.02,0.0,0.002,-0.021
2026-10-08,10:51:DB:50:87:A4,D,1,ALED2,500K,1M,38,8,8,8.0,99.941,99.941,99.941,99.941,99.941,99.941,99.941,0.034,0.057,-0.027,0.053,0.026
2026-10-08,10:51:DB:50:87:A4,D,1,ALED2,1M,500K,38,8,8,8.0,100.157,100.157,100.157,100.157,100.157,100.157,100.157,0.049,0.039,-0.013,0.029,0.014
2026-10-08,10:51:DB:50:87:A4,E,0,LED1,10K,25K,40,0,4,6.0,99.877,28.219,7.998,2.37,0.722,0.204,0.017,-0.002,0.152,0.013,0.158,0.186
2026-10-08,10:51:DB:50:87:A4,E,0,LED1,25K,10K,40,0,4,6.0,99.636,28.133,7.894,2.316,0.755,0.17,0.083,-0.017,-0.087,0.001,-0.015,0.026
2026-10-08,10:51:DB:50:87:A4,E,0,LED1,25K,50K,40,0,4,6.0,99.879,27.935,7.794,2.154,0.623,0.189,0.071,0.034,-0.118,0.049,-0.084,-0.165
2026-10-08,10:51:DB:50:87:A4,E,0,LED1,50K,25K,40,0,4,6.0,100.088,28.188,7.896,2.218,0.624,0.215,0.087,-0.023,0.031,-0.034,-0.019,0.004
2026-10-08,10:51:DB:50:87:A4,E,0,LED1,50K,100K,40,0,4,6.0,99.986,28.256,8.092,2.366,0.675,0.246,0.069,0.033,-0.054,0.024,-0.039,-0.006
2026-10-08,10:51:DB:50:87:A4,E,0,LED1,100K,50K,40,0,4,6.0,99.921,28.225,7.956,2.409,0.804,0.299,0.032,-0.087,-0.009,0.026,-0.029,-0.03
2026-10-08,10:51:DB:50:87:A4,E,0,LED1,100K,250K,40,0,4,7.0,99.881,27.984,7.727,2.076,0.679,0.284,0.163,0.005,-0.133,0.09,-0.141,-0.141
2026-10-08,10:51:DB:50:87:A4,E,0,LED1,250K,100K,40,0,4,6.0,99.85,28.077,7.915,2.234,0.665,0.207,0.068,-0.02,-0.015,-0.004,-0.026,0.003
2026-10-08,10:51:DB:50:87:A4,E,0,LED1,250K,500K,40,0,4,6.0,99.928,28.248,7.966,2.308,0.841,0.42,0.059,-0.032,-0.146,0.104,-0.091,-0.004
2026-10-08,10:51:DB:50:87:A4,E,0,LED1,500K,250K,40,0,4,7.0,99.695,28.078,7.954,2.288,0.784,0.338,0.104,-0.044,-0.132,0.139,-0.115,-0.128
2026-10-08,10:51:DB:50:87:A4,E,0,LED1,500K,1M,39,0,4,,95.883,27.717,7.461,2.127,0.702,0.299,0.198,-0.091,-0.125,0.126,-0.14,-0.149
2026-10-08,10:51:DB:50:87:A4,E,0,LED1,1M,500K,39,0,4,6.0,96.89,27.878,7.828,2.251,0.598,0.199,0.068,-0.046,-0.003,-0.002,-0.022,-0.0
2026-10-08,10:51:DB:50:87:A4,E,0,LED1,10K,1M,38,0,4,6.0,100.0,28.208,8.027,2.351,0.668,0.205,0.058,-0.031,-0.018,-0.007,-0.024,-0.013
2026-10-08,10:51:DB:50:87:A4,E,0,LED1,1M,10K,38,0,4,6.0,100.048,28.151,7.916,2.219,0.617,0.165,0.039,-0.007,-0.01,-0.01,-0.005,-0.002
2026-10-08,10:51:DB:50:87:A4,E,0,ALED1,10K,25K,40,0,4,6.0,99.862,31.937,10.143,3.036,0.793,0.205,-0.01,-0.056,0.097,0.026,0.262,0.226
2026-10-08,10:51:DB:50:87:A4,E,0,ALED1,25K,10K,40,0,4,7.0,99.675,32.117,10.213,3.219,0.929,0.345,0.128,-0.035,-0.012,0.064,-0.01,0.015
2026-10-08,10:51:DB:50:87:A4,E,0,ALED1,25K,50K,40,0,4,6.0,99.695,31.676,9.969,3.029,0.672,0.182,0.031,-0.06,-0.19,-0.009,-0.223,-0.183
2026-10-08,10:51:DB:50:87:A4,E,0,ALED1,50K,25K,40,0,4,6.0,99.739,32.048,10.218,3.223,0.885,0.274,0.099,0.037,0.083,-0.006,-0.017,0.016
2026-10-08,10:51:DB:50:87:A4,E,0,ALED1,50K,100K,40,0,4,18.0,99.971,32.074,10.201,3.042,0.862,0.225,-0.043,-0.105,-0.178,-0.152,-0.027,-0.088
2026-10-08,10:51:DB:50:87:A4,E,0,ALED1,100K,50K,40,0,5,7.0,99.971,32.276,10.429,3.42,1.159,0.437,0.189,0.027,0.086,0.095,0.013,0.005
2026-10-08,10:51:DB:50:87:A4,E,0,ALED1,100K,250K,40,0,4,13.0,32.161,10.304,3.331,1.102,0.462,0.205,0.114,-0.081,-0.223,0.036,-0.127,-0.137
2026-10-08,10:51:DB:50:87:A4,E,0,ALED1,250K,100K,40,0,4,7.0,35.632,11.542,3.728,1.272,0.494,0.25,0.128,0.033,0.045,0.077,-0.011,-0.016
2026-10-08,10:51:DB:50:87:A4,E,0,ALED1,250K,500K,40,0,4,20.0,99.897,32.037,10.135,3.146,0.941,0.26,-0.137,-0.282,-0.302,-0.187,-0.03,-0.061
2026-10-08,10:51:DB:50:87:A4,E,0,ALED1,500K,250K,40,0,5,7.0,99.745,32.24,10.523,3.516,1.283,0.584,0.246,0.055,-0.006,0.207,-0.062,-0.102
2026-10-08,10:51:DB:50:87:A4,E,0,ALED1,500K,1M,39,0,4,22.0,32.181,10.39,3.316,1.069,0.301,0.179,0.059,-0.22,-0.306,0.121,-0.183,-0.167
2026-10-08,10:51:DB:50:87:A4,E,0,ALED1,1M,500K,39,0,4,7.0,32.426,10.662,3.62,1.278,0.475,0.278,0.149,0.037,0.068,0.088,0.039,0.002
2026-10-08,10:51:DB:50:87:A4,E,0,ALED1,10K,1M,38,0,4,10.0,99.999,32.113,10.278,3.293,1.0,0.223,0.006,-0.1,-0.062,-0.051,-0.016,-0.013
2026-10-08,10:51:DB:50:87:A4,E,0,ALED1,1M,10K,38,0,5,7.0,99.985,32.208,10.372,3.342,1.077,0.345,0.11,0.011,0.004,0.001,-0.001,-0.001
2026-10-08,10:51:DB:50:87:A4,E,0,LED2,10K,25K,40,0,5,12.0,100.001,99.744,27.533,7.642,2.037,0.627,0.441,0.104,-0.197,0.208,-0.185,-0.089
2026-10-08,10:51:DB:50:87:A4,E,0,LED2,25K,10K,40,0,5,7.0,100.101,99.964,27.794,7.726,2.167,0.526,0.111,0.044,0.014,-0.054,0.005,0.001
2026-10-08,10:51:DB:50:87:A4,E,0,LED2,25K,50K,40,0,5,6.0,100.062,99.966,27.588,7.473,1.915,0.35,0.016,0.071,0.008,-0.206,0.131,0.135
2026-10-08,10:51:DB:50:87:A4,E,0,LED2,50K,25K,40,0,5,7.0,99.858,99.636,27.359,7.639,2.092,0.5,0.167,-0.03,-0.056,0.023,-0.078,-0.064
2026-10-08,10:51:DB:50:87:A4,E,0,LED2,50K,100K,40,0,5,7.0,100.003,99.943,27.714,7.565,2.055,0.446,0.179,0.054,-0.031,-0.042,0.022,0.017
2026-10-08,10:51:DB:50:87:A4,E,0,LED2,100K,50K,40,0,5,7.0,99.885,99.833,27.787,7.705,2.152,0.698,0.209,-0.007,-0.046,0.103,-0.031,-0.109
2026-10-08,10:51:DB:50:87:A4,E,0,LED2,100K,250K,40,0,5,8.0,99.981,99.893,27.599,7.632,2.091,0.63,0.224,0.083,-0.088,0.041,-0.051,-0.067
2026-10-08,10:51:DB:50:87:A4,E,0,LED2,250K,100K,40,0,5,7.0,99.985,28.056,7.882,2.24,1.209,0.336,0.152,0.053,-0.019,0.037,-0.015,-0.017
2026-10-08,10:51:DB:50:87:A4,E,0,LED2,250K,500K,40,0,5,7.0,99.974,99.901,27.713,7.605,2.048,0.507,0.215,0.015,-0.107,0.051,-0.01,-0.011
2026-10-08,10:51:DB:50:87:A4,E,0,LED2,500K,250K,40,0,5,7.0,100.125,99.938,27.779,7.7,2.101,0.504,0.144,0.034,0.065,-0.033,-0.0,-0.033
2026-10-08,10:51:DB:50:87:A4,E,0,LED2,500K,1M,39,0,5,9.0,99.99,99.94,27.581,7.208,1.751,0.434,0.179,0.156,0.027,-0.047,0.015,-0.023
2026-10-08,10:51:DB:50:87:A4,E,0,LED2,1M,500K,39,0,5,7.0,100.031,99.865,27.716,7.508,1.961,0.5,0.195,0.067,0.012,-0.001,0.034,0.036
2026-10-08,10:51:DB:50:87:A4,E,0,LED2,10K,1M,38,0,5,8.0,100.007,100.003,27.616,7.618,2.125,0.531,0.076,-0.087,-0.014,0.034,-0.023,-0.021
2026-10-08,10:51:DB:50:87:A4,E,0,LED2,1M,10K,38,0,5,6.0,100.017,99.861,27.797,7.731,2.151,0.594,0.05,0.008,0.0,-0.0,0.0,0.001
2026-10-08,10:51:DB:50:87:A4,E,0,ALED2,10K,25K,40,0,6,11.0,99.988,95.134,31.346,10.128,3.18,1.012,0.435,0.055,-0.239,0.191,-0.087,-0.237
2026-10-08,10:51:DB:50:87:A4,E,0,ALED2,25K,10K,40,0,5,7.0,100.072,96.422,31.0,10.053,3.194,0.847,0.258,0.015,-0.001,0.089,-0.043,0.03
2026-10-08,10:51:DB:50:87:A4,E,0,ALED2,25K,50K,40,0,5,7.0,100.03,45.273,14.464,4.515,1.655,0.587,0.216,0.047,0.092,-0.175,0.116,0.122
2026-10-08,10:51:DB:50:87:A4,E,0,ALED2,50K,25K,40,0,5,7.0,99.857,45.349,14.576,4.597,1.482,0.558,0.237,0.024,-0.122,0.025,-0.098,-0.14
2026-10-08,10:51:DB:50:87:A4,E,0,ALED2,50K,100K,40,0,5,9.0,99.9,49.181,15.781,4.959,1.543,0.574,0.342,0.156,-0.009,0.002,0.095,0.067
2026-10-08,10:51:DB:50:87:A4,E,0,ALED2,100K,50K,40,0,5,11.0,99.945,93.02,30.059,9.697,3.089,0.704,0.24,-0.007,-0.105,0.051,-0.084,-0.107
2026-10-08,10:51:DB:50:87:A4,E,0,ALED2,100K,250K,40,0,5,13.0,99.948,99.617,32.046,10.281,3.209,0.93,0.298,0.113,-0.055,0.065,-0.017,-0.044
2026-10-08,10:51:DB:50:87:A4,E,0,ALED2,250K,100K,40,0,5,8.0,100.031,32.474,10.52,3.485,1.179,0.462,0.237,0.051,-0.022,0.027,-0.033,-0.032
2026-10-08,10:51:DB:50:87:A4,E,0,ALED2,250K,500K,40,0,5,10.0,99.926,99.816,31.949,10.16,3.063,0.948,0.417,0.046,-0.024,0.14,-0.022,-0.017
2026-10-08,10:51:DB:50:87:A4,E,0,ALED2,500K,250K,40,0,5,7.0,100.256,91.37,29.434,9.475,3.042,0.85,0.248,0.04,0.051,-0.073,0.055,0.026
2026-10-08,10:51:DB:50:87:A4,E,0,ALED2,500K,1M,39,0,5,9.0,99.939,60.884,29.901,9.405,2.944,0.87,0.322,0.173,0.027,-0.009,-0.008,0.01
2026-10-08,10:51:DB:50:87:A4,E,0,ALED2,1M,500K,39,0,5,8.0,100.149,91.78,29.692,9.625,3.093,0.978,0.303,0.067,-0.018,-0.012,0.018,-0.008
2026-10-08,10:51:DB:50:87:A4,E,0,ALED2,10K,1M,38,0,5,7.0,99.997,37.323,12.122,4.057,1.413,0.515,0.18,-0.049,-0.008,0.003,-0.011,-0.002
2026-10-08,10:51:DB:50:87:A4,E,0,ALED2,1M,10K,38,0,5,7.0,100.058,38.787,12.512,4.032,1.302,0.419,0.137,0.012,0.0,-0.003,-0.003,-0.002
2026-10-08,10:51:DB:50:88:50,D,1,LED1,10K,25K,40,8,8,8.0,100.007,100.007,100.007,100.007,100.007,100.007,100.007,0.018,0.002,0.027,0.034,-0.069
2026-10-08,10:51:DB:50:88:50,D,1,LED1,25K,10K,40,8,8,8.0,99.873,99.873,99.873,99.873,99.873,99.873,99.873,0.039,0.027,-0.073,-0.027,0.026
2026-10-08,10:51:DB:50:88:50,D,1,LED1,25K,50K,40,8,8,10.0,99.97,99.97,99.97,99.97,99.97,99.97,99.97,-0.117,-0.032,0.105,0.091,-0.05
2026-10-08,10:51:DB:50:88:50,D,1,LED1,50K,25K,40,8,8,8.0,99.983,99.983,99.983,99.983,99.983,99.983,99.983,-0.026,-0.004,-0.003,-0.04,0.002
2026-10-08,10:51:DB:50:88:50,D,1,LED1,50K,100K,40,8,8,12.0,99.911,99.911,99.911,99.911,99.911,99.911,99.911,-0.059,-0.171,0.072,0.056,-0.124
2026-10-08,10:51:DB:50:88:50,D,1,LED1,100K,50K,40,8,8,8.0,100.048,100.048,100.048,100.048,100.048,100.048,100.048,0.037,0.02,0.017,0.044,-0.013
2026-10-08,10:51:DB:50:88:50,D,1,LED1,100K,250K,40,8,8,10.0,100.041,100.041,100.041,100.041,100.041,100.041,100.041,0.169,0.03,0.009,0.006,0.04
2026-10-08,10:51:DB:50:88:50,D,1,LED1,250K,100K,40,8,8,8.0,99.914,99.914,99.914,99.914,99.914,99.914,99.914,0.029,0.032,0.034,0.076,0.007
2026-10-08,10:51:DB:50:88:50,D,1,LED1,250K,500K,40,8,8,10.0,100.004,100.004,100.004,100.004,100.004,100.004,100.004,-0.085,0.032,-0.039,0.044,0.065
2026-10-08,10:51:DB:50:88:50,D,1,LED1,500K,250K,40,8,8,8.0,100.04,100.04,100.04,100.04,100.04,100.04,100.04,0.087,0.024,0.004,0.064,0.008
2026-10-08,10:51:DB:50:88:50,D,1,LED1,500K,1M,38,8,8,15.0,99.942,99.942,99.942,99.942,99.942,99.942,99.942,0.018,-0.025,0.053,0.038,-0.016
2026-10-08,10:51:DB:50:88:50,D,1,LED1,1M,500K,38,8,8,9.0,100.052,100.052,100.052,100.052,100.052,100.052,100.052,0.106,-0.006,-0.044,-0.042,0.011
2026-10-08,10:51:DB:50:88:50,D,1,ALED1,10K,25K,40,8,8,8.0,99.999,99.999,99.999,99.999,99.999,99.999,99.999,0.016,-0.026,0.022,0.022,0.013
2026-10-08,10:51:DB:50:88:50,D,1,ALED1,25K,10K,40,8,8,8.0,99.909,99.909,99.909,99.909,99.909,99.909,99.909,0.056,0.024,-0.041,-0.015,-0.02
2026-10-08,10:51:DB:50:88:50,D,1,ALED1,25K,50K,40,8,8,11.0,99.963,99.963,99.963,99.963,99.963,99.963,99.963,-0.101,-0.11,0.052,0.092,-0.01
2026-10-08,10:51:DB:50:88:50,D,1,ALED1,50K,25K,40,8,8,8.0,99.942,99.942,99.942,99.942,99.942,99.942,99.942,0.006,0.014,0.024,-0.01,0.003
2026-10-08,10:51:DB:50:88:50,D,1,ALED1,50K,100K,40,8,8,15.0,99.9,99.9,99.9,99.9,99.9,99.9,99.9,-0.183,-0.259,-0.055,-0.127,-0.18
2026-10-08,10:51:DB:50:88:50,D,1,ALED1,100K,50K,40,8,8,9.0,100.093,100.093,100.093,100.093,100.093,100.093,100.093,0.1,0.069,0.084,0.069,0.033
2026-10-08,10:51:DB:50:88:50,D,1,ALED1,100K,250K,40,8,8,9.0,100.038,100.038,100.038,100.038,100.038,100.038,100.038,0.11,-0.054,-0.058,-0.099,-0.032
2026-10-08,10:51:DB:50:88:50,D,1,ALED1,250K,100K,40,8,8,8.0,99.97,99.97,99.97,99.97,99.97,99.97,99.97,0.082,0.046,0.076,0.073,0.0
2026-10-08,10:51:DB:50:88:50,D,1,ALED1,250K,500K,40,8,8,21.0,100.016,100.016,100.016,100.016,100.016,100.016,100.016,-0.261,-0.145,-0.196,-0.146,0.017
2026-10-08,10:51:DB:50:88:50,D,1,ALED1,500K,250K,40,8,8,23.0,100.028,100.028,100.028,100.028,100.028,100.028,100.028,0.177,0.129,0.113,0.158,0.044
2026-10-08,10:51:DB:50:88:50,D,1,ALED1,500K,1M,38,8,8,11.0,99.946,99.946,99.946,99.946,99.946,99.946,99.946,-0.174,-0.185,-0.058,-0.097,-0.012
2026-10-08,10:51:DB:50:88:50,D,1,ALED1,1M,500K,38,8,8,9.0,100.022,100.022,100.022,100.022,100.022,100.022,100.022,0.164,0.093,0.044,0.049,0.03
2026-10-08,10:51:DB:50:88:50,D,1,LED2,10K,25K,40,8,8,16.0,100.035,100.035,100.035,100.035,100.035,100.035,100.035,0.211,-0.034,0.106,0.003,0.013
2026-10-08,10:51:DB:50:88:50,D,1,LED2,25K,10K,40,8,8,8.0,99.836,99.836,99.836,99.836,99.836,99.836,99.836,0.093,-0.012,0.056,-0.022,0.013
2026-10-08,10:51:DB:50:88:50,D,1,LED2,25K,50K,40,8,8,10.0,100.029,100.029,100.029,100.029,100.029,100.029,100.029,0.154,0.04,-0.052,0.039,0.061
2026-10-08,10:51:DB:50:88:50,D,1,LED2,50K,25K,40,8,8,8.0,99.949,99.949,99.949,99.949,99.949,99.949,99.949,-0.011,0.002,-0.014,-0.041,-0.017
2026-10-08,10:51:DB:50:88:50,D,1,LED2,50K,100K,40,8,8,12.0,100.083,100.083,100.083,100.083,100.083,100.083,100.083,0.162,0.161,-0.065,0.069,0.062
2026-10-08,10:51:DB:50:88:50,D,1,LED2,100K,50K,40,8,8,8.0,100.045,100.045,100.045,100.045,100.045,100.045,100.045,0.087,-0.027,0.019,-0.036,-0.058
2026-10-08,10:51:DB:50:88:50,D,1,LED2,100K,250K,40,8,8,9.0,100.019,100.019,100.019,100.019,100.019,100.019,100.019,0.219,0.087,-0.039,0.067,0.084
2026-10-08,10:51:DB:50:88:50,D,1,LED2,250K,100K,40,8,8,9.0,100.153,100.153,100.153,100.153,100.153,100.153,100.153,0.116,0.028,-0.041,0.046,0.029
2026-10-08,10:51:DB:50:88:50,D,1,LED2,250K,500K,40,8,8,10.0,100.053,100.053,100.053,100.053,100.053,100.053,100.053,0.168,0.049,-0.178,0.137,0.113
2026-10-08,10:51:DB:50:88:50,D,1,LED2,500K,250K,40,8,8,8.0,100.187,100.187,100.187,100.187,100.187,100.187,100.187,0.086,0.008,-0.079,-0.023,-0.012
2026-10-08,10:51:DB:50:88:50,D,1,LED2,500K,1M,38,8,8,14.0,100.01,100.01,100.01,100.01,100.01,100.01,100.01,0.203,-0.074,-0.037,0.064,0.077
2026-10-08,10:51:DB:50:88:50,D,1,LED2,1M,500K,38,8,8,8.0,99.953,99.953,99.953,99.953,99.953,99.953,99.953,0.1,-0.007,0.024,-0.001,-0.033
2026-10-08,10:51:DB:50:88:50,D,1,ALED2,10K,25K,40,8,8,14.0,100.034,100.034,100.034,100.034,100.034,100.034,100.034,0.113,-0.033,0.021,0.001,-0.0
2026-10-08,10:51:DB:50:88:50,D,1,ALED2,25K,10K,40,8,8,8.0,99.862,99.862,99.862,99.862,99.862,99.862,99.862,0.082,-0.022,0.063,0.002,0.005
2026-10-08,10:51:DB:50:88:50,D,1,ALED2,25K,50K,40,8,8,9.0,100.007,100.007,100.007,100.007,100.007,100.007,100.007,0.123,0.042,-0.096,0.008,0.002
2026-10-08,10:51:DB:50:88:50,D,1,ALED2,50K,25K,40,8,8,8.0,100.033,100.033,100.033,100.033,100.033,100.033,100.033,-0.009,-0.008,-0.02,-0.032,0.001
2026-10-08,10:51:DB:50:88:50,D,1,ALED2,50K,100K,40,8,8,12.0,99.983,99.983,99.983,99.983,99.983,99.983,99.983,0.179,0.167,-0.093,0.104,0.105
2026-10-08,10:51:DB:50:88:50,D,1,ALED2,100K,50K,40,8,8,9.0,100.16,100.16,100.16,100.16,100.16,100.16,100.16,0.162,-0.047,0.002,-0.042,-0.03
2026-10-08,10:51:DB:50:88:50,D,1,ALED2,100K,250K,40,8,8,9.0,99.973,99.973,99.973,99.973,99.973,99.973,99.973,0.244,0.055,-0.049,0.022,0.007
2026-10-08,10:51:DB:50:88:50,D,1,ALED2,250K,100K,40,8,8,9.0,100.204,100.204,100.204,100.204,100.204,100.204,100.204,0.113,0.018,-0.031,0.034,0.034
2026-10-08,10:51:DB:50:88:50,D,1,ALED2,250K,500K,40,8,8,10.0,99.946,99.946,99.946,99.946,99.946,99.946,99.946,0.145,0.049,-0.127,0.057,0.077
2026-10-08,10:51:DB:50:88:50,D,1,ALED2,500K,250K,40,8,8,8.0,100.357,100.357,100.357,100.357,100.357,100.357,100.357,0.094,0.006,-0.034,0.011,0.016
2026-10-08,10:51:DB:50:88:50,D,1,ALED2,500K,1M,38,8,8,9.0,99.931,99.931,99.931,99.931,99.931,99.931,99.931,0.281,0.006,-0.006,0.034,0.025
2026-10-08,10:51:DB:50:88:50,D,1,ALED2,1M,500K,38,8,8,9.0,100.089,100.089,100.089,100.089,100.089,100.089,100.089,0.107,-0.009,0.012,-0.058,-0.033
2026-10-08,10:51:DB:50:88:50,E,0,LED1,10K,25K,40,0,4,6.0,99.97,26.374,6.913,1.808,0.509,0.149,0.013,-0.032,-0.107,0.04,-0.059,-0.148
2026-10-08,10:51:DB:50:88:50,E,0,LED1,25K,10K,40,0,4,6.0,100.073,26.568,7.075,1.9,0.515,0.182,0.028,-0.002,-0.052,-0.046,-0.042,0.013
2026-10-08,10:51:DB:50:88:50,E,0,LED1,25K,50K,40,0,4,5.0,99.84,26.228,6.824,1.765,0.395,0.067,-0.031,-0.044,0.02,-0.02,0.037,0.016
2026-10-08,10:51:DB:50:88:50,E,0,LED1,50K,25K,40,0,4,6.0,99.633,26.335,6.888,1.798,0.466,0.134,0.029,-0.007,-0.05,-0.029,-0.008,-0.044
2026-10-08,10:51:DB:50:88:50,E,0,LED1,50K,100K,40,0,4,9.0,99.962,26.605,7.268,2.098,0.584,0.199,0.031,-0.143,-0.069,0.059,-0.07,-0.071
2026-10-08,10:51:DB:50:88:50,E,0,LED1,100K,50K,40,0,4,6.0,99.98,26.431,6.975,1.85,0.505,0.19,0.072,0.033,-0.014,0.041,-0.016,-0.014
2026-10-08,10:51:DB:50:88:50,E,0,LED1,100K,250K,40,0,4,6.0,99.936,26.433,7.017,1.946,0.584,0.165,0.042,-0.098,-0.014,0.01,-0.032,-0.011
2026-10-08,10:51:DB:50:88:50,E,0,LED1,250K,100K,40,0,4,6.0,99.841,26.455,6.985,1.835,0.515,0.145,0.033,0.018,-0.002,-0.001,0.009,0.018
2026-10-08,10:51:DB:50:88:50,E,0,LED1,250K,500K,40,0,4,14.0,99.936,26.405,6.839,1.657,0.444,0.213,0.087,0.154,-0.116,0.086,-0.094,-0.079
2026-10-08,10:51:DB:50:88:50,E,0,LED1,500K,250K,40,0,4,6.0,100.116,26.45,7.001,1.859,0.478,0.102,0.054,0.099,0.055,-0.037,0.072,0.043
2026-10-08,10:51:DB:50:88:50,E,0,LED1,500K,1M,39,0,4,8.0,99.953,26.754,7.195,2.002,0.54,0.185,-0.051,0.008,-0.042,0.034,-0.053,-0.017
2026-10-08,10:51:DB:50:88:50,E,0,LED1,1M,500K,39,0,4,6.0,99.798,26.34,6.942,1.844,0.489,0.195,0.081,-0.013,-0.071,0.073,-0.075,-0.085
2026-10-08,10:51:DB:50:88:50,E,0,LED1,10K,1M,38,0,4,6.0,99.998,26.501,7.01,1.804,0.519,0.17,0.097,0.037,-0.042,0.047,-0.051,-0.034
2026-10-08,10:51:DB:50:88:50,E,0,LED1,1M,10K,38,0,4,6.0,99.98,26.426,6.981,1.844,0.485,0.127,0.032,-0.002,-0.003,-0.003,-0.001,-0.001
2026-10-08,10:51:DB:50:88:50,E,0,ALED1,10K,25K,40,0,4,6.0,99.97,30.444,9.203,2.822,0.939,0.251,0.01,-0.046,-0.055,0.064,-0.067,-0.113
2026-10-08,10:51:DB:50:88:50,E,0,ALED1,25K,10K,40,0,4,6.0,100.074,30.578,9.283,2.811,0.765,0.231,0.065,0.024,0.045,-0.048,-0.012,0.009
2026-10-08,10:51:DB:50:88:50,E,0,ALED1,25K,50K,40,0,4,5.0,83.471,25.115,7.415,2.0,0.545,0.034,-0.042,-0.03,0.009,-0.076,0.012,0.001
2026-10-08,10:51:DB:50:88:50,E,0,ALED1,50K,25K,40,0,4,6.0,30.56,9.351,2.911,1.08,0.434,0.198,0.068,-0.009,0.034,0.032,-0.031,0.0
2026-10-08,10:51:DB:50:88:50,E,0,ALED1,50K,100K,40,0,4,19.0,99.947,30.404,9.255,2.828,0.738,0.166,-0.08,-0.243,-0.15,-0.064,0.008,-0.038
2026-10-08,10:51:DB:50:88:50,E,0,ALED1,100K,50K,40,0,4,7.0,99.94,30.473,9.302,2.821,0.929,0.337,0.13,0.076,0.03,0.039,0.005,-0.014
2026-10-08,10:51:DB:50:88:50,E,0,ALED1,100K,250K,40,0,4,10.0,37.186,11.213,3.305,1.074,0.394,0.094,-0.016,-0.138,-0.074,-0.019,-0.052,-0.042
2026-10-08,10:51:DB:50:88:50,E,0,ALED1,250K,100K,40,0,4,6.0,32.16,9.876,2.997,1.007,0.4,0.214,0.093,0.043,0.046,0.037,0.02,0.019
2026-10-08,10:51:DB:50:88:50,E,0,ALED1,250K,500K,40,0,4,5.0,99.939,30.282,8.92,2.411,0.522,0.026,-0.089,-0.077,-0.29,-0.136,-0.095,-0.051
2026-10-08,10:51:DB:50:88:50,E,0,ALED1,500K,250K,40,0,4,11.0,100.062,30.537,9.303,2.805,0.817,0.305,0.189,0.177,0.144,0.057,0.055,0.026
2026-10-08,10:51:DB:50:88:50,E,0,ALED1,500K,1M,39,0,4,22.0,99.871,30.19,8.88,2.441,0.523,0.049,-0.197,-0.133,-0.127,-0.173,0.004,0.043
2026-10-08,10:51:DB:50:88:50,E,0,ALED1,1M,500K,39,0,4,7.0,31.652,9.6,3.076,1.025,0.457,0.338,0.181,0.054,-0.013,0.126,-0.04,-0.076
2026-10-08,10:51:DB:50:88:50,E,0,ALED1,10K,1M,38,0,4,6.0,99.997,30.39,9.111,2.677,0.799,0.243,0.072,-0.008,-0.1,0.029,-0.07,-0.062
2026-10-08,10:51:DB:50:88:50,E,0,ALED1,1M,10K,38,0,4,6.0,99.935,30.45,9.285,2.834,0.868,0.267,0.084,0.01,0.005,0.001,0.001,0.0
2026-10-08,10:51:DB:50:88:50,E,0,LED2,10K,25K,40,0,5,11.0,99.958,99.891,26.295,6.631,1.809,0.403,0.087,-0.138,-0.166,0.037,-0.107,-0.211
2026-10-08,10:51:DB:50:88:50,E,0,LED2,25K,10K,40,0,5,7.0,99.925,99.967,26.131,6.947,1.776,0.419,0.142,-0.001,-0.003,-0.046,0.004,0.016
2026-10-08,10:51:DB:50:88:50,E,0,LED2,25K,50K,40,0,5,7.0,99.963,99.869,6.924,6.659,1.472,0.382,0.133,-0.011,0.008,0.053,-0.044,-0.096
2026-10-08,10:51:DB:50:88:50,E,0,LED2,50K,25K,40,0,5,6.0,100.027,99.821,24.244,6.759,1.665,0.378,0.035,-0.06,0.03,-0.002,0.021,0.027
2026-10-08,10:51:DB:50:88:50,E,0,LED2,50K,100K,40,0,5,7.0,99.951,99.961,26.174,6.801,1.721,0.51,0.129,-0.049,-0.087,-0.003,-0.062,0.002
2026-10-08,10:51:DB:50:88:50,E,0,LED2,100K,50K,40,0,5,7.0,99.932,99.736,26.155,6.838,1.856,0.467,0.12,-0.002,-0.018,0.062,-0.047,-0.063
2026-10-08,10:51:DB:50:88:50,E,0,LED2,100K,250K,40,0,5,6.0,99.938,99.955,26.051,6.715,1.636,0.339,0.068,0.051,-0.09,0.045,-0.073,-0.086
2026-10-08,10:51:DB:50:88:50,E,0,LED2,250K,100K,40,0,5,7.0,99.916,99.847,26.176,6.889,1.874,0.536,0.117,0.032,-0.028,0.042,-0.046,-0.055
2026-10-08,10:51:DB:50:88:50,E,0,LED2,250K,500K,40,0,5,10.0,100.024,99.848,26.045,6.556,1.361,0.226,0.088,0.131,-0.023,-0.052,0.063,0.071
2026-10-08,10:51:DB:50:88:50,E,0,LED2,500K,250K,40,0,5,7.0,100.08,99.805,26.168,6.698,1.6,0.415,0.121,-0.021,-0.015,-0.014,0.038,0.034
2026-10-08,10:51:DB:50:88:50,E,0,LED2,500K,1M,39,0,5,7.0,99.948,99.915,26.183,6.76,1.712,0.491,0.184,0.083,-0.052,0.066,-0.06,-0.089
2026-10-08,10:51:DB:50:88:50,E,0,LED2,1M,500K,39,0,5,6.0,100.038,99.847,26.211,6.753,1.672,0.384,0.091,0.016,0.044,-0.034,0.035,0.029
2026-10-08,10:51:DB:50:88:50,E,0,LED2,10K,1M,38,0,5,6.0,100.003,78.347,20.455,5.355,1.53,0.348,0.084,0.068,-0.034,0.025,-0.017,0.005
2026-10-08,10:51:DB:50:88:50,E,0,LED2,1M,10K,38,0,5,7.0,99.992,91.209,15.758,6.319,1.659,0.414,0.104,0.004,0.001,0.0,-0.0,-0.001
2026-10-08,10:51:DB:50:88:50,E,0,ALED2,10K,25K,40,0,5,10.0,99.982,99.867,30.468,9.089,2.589,0.581,0.144,-0.111,-0.039,0.019,-0.116,-0.172
2026-10-08,10:51:DB:50:88:50,E,0,ALED2,25K,10K,40,0,5,6.0,99.966,42.434,12.944,3.795,1.351,0.537,0.097,0.06,-0.044,0.012,-0.018,0.029
2026-10-08,10:51:DB:50:88:50,E,0,ALED2,25K,50K,40,0,5,10.0,99.937,30.729,9.554,3.131,1.124,0.426,0.209,-0.038,-0.071,0.073,-0.028,-0.085
2026-10-08,10:51:DB:50:88:50,E,0,ALED2,50K,25K,40,0,5,7.0,100.185,33.204,10.202,3.221,1.104,0.484,0.117,0.037,-0.003,-0.03,0.046,0.065
2026-10-08,10:51:DB:50:88:50,E,0,ALED2,50K,100K,40,0,5,7.0,99.938,99.836,30.283,8.97,2.75,0.757,0.226,-0.016,0.016,-0.011,0.011,0.04
2026-10-08,10:51:DB:50:88:50,E,0,ALED2,100K,50K,40,0,5,8.0,99.977,58.327,17.624,5.321,1.711,0.581,0.191,0.004,-0.067,0.049,-0.095,-0.078
2026-10-08,10:51:DB:50:88:50,E,0,ALED2,100K,250K,40,0,5,8.0,99.921,99.866,30.289,9.032,2.492,0.547,0.234,0.094,-0.081,0.061,-0.068,-0.039
2026-10-08,10:51:DB:50:88:50,E,0,ALED2,250K,100K,40,0,5,7.0,99.962,96.442,29.447,8.952,2.746,0.853,0.252,0.017,-0.028,0.033,-0.041,-0.048
2026-10-08,10:51:DB:50:88:50,E,0,ALED2,250K,500K,40,0,5,10.0,99.943,95.246,29.273,8.855,2.456,0.65,0.232,0.211,0.026,-0.027,0.065,0.065
2026-10-08,10:51:DB:50:88:50,E,0,ALED2,500K,250K,40,0,4,7.0,100.242,34.592,10.7,3.295,0.959,0.406,0.154,-0.03,-0.019,-0.031,-0.014,-0.013
2026-10-08,10:51:DB:50:88:50,E,0,ALED2,500K,1M,39,0,5,8.0,99.901,98.495,30.215,9.074,2.679,0.848,0.281,0.081,0.01,0.13,-0.007,-0.011
2026-10-08,10:51:DB:50:88:50,E,0,ALED2,1M,500K,39,0,5,8.0,100.17,92.725,28.236,8.62,2.636,0.7,0.191,0.023,0.029,-0.045,0.029,0.024
2026-10-08,10:51:DB:50:88:50,E,0,ALED2,10K,1M,38,0,4,7.0,99.996,30.709,9.538,2.995,0.934,0.359,0.134,0.016,-0.028,0.029,-0.029,-0.018
2026-10-08,10:51:DB:50:88:50,E,0,ALED2,1M,10K,38,0,4,6.0,100.023,30.625,9.36,2.864,0.878,0.272,0.085,0.008,-0.0,-0.0,-0.001,-0.002
