date,board_mac,tap_from,tap_to,ratio_nominal,ot_step_pct,ot_step_se_pct
2026-10-08,10:51:DB:50:82:5C,10K,25K,2.5,-0.528,0.237
2026-10-08,10:51:DB:50:82:5C,25K,50K,2.0,-0.061,0.576
2026-10-08,10:51:DB:50:82:5C,50K,100K,2.0,-0.362,0.587
2026-10-08,10:51:DB:50:82:5C,100K,250K,2.5,1.878,0.399
2026-10-08,10:51:DB:50:82:5C,250K,500K,2.0,-1.096,0.525
2026-10-08,10:51:DB:50:82:5C,500K,1M,2.0,,
2026-10-08,10:51:DB:50:87:A4,10K,25K,2.5,-0.713,0.724
2026-10-08,10:51:DB:50:87:A4,25K,50K,2.0,0.073,0.677
2026-10-08,10:51:DB:50:87:A4,50K,100K,2.0,-0.473,0.136
2026-10-08,10:51:DB:50:87:A4,100K,250K,2.5,2.184,0.054
2026-10-08,10:51:DB:50:87:A4,250K,500K,2.0,-1.186,0.578
2026-10-08,10:51:DB:50:87:A4,500K,1M,2.0,,
2026-10-08,10:51:DB:50:88:50,10K,25K,2.5,-0.641,1.705
2026-10-08,10:51:DB:50:88:50,25K,50K,2.0,0.292,1.772
2026-10-08,10:51:DB:50:88:50,50K,100K,2.0,-0.301,0.979
2026-10-08,10:51:DB:50:88:50,100K,250K,2.5,1.376,0.458
2026-10-08,10:51:DB:50:88:50,250K,500K,2.0,-0.917,1.739
2026-10-08,10:51:DB:50:88:50,500K,1M,2.0,,
